Entity,Code,Year,life_expectancy_0__sex_all__age_0
Afghanistan,AFG,2010,60.8508
Afghanistan,AFG,2011,61.4191
Afghanistan,AFG,2012,61.923
Afghanistan,AFG,2013,62.4167
Afghanistan,AFG,2014,62.5451
Afghanistan,AFG,2015,62.6587
Afghanistan,AFG,2016,63.1361
Afghanistan,AFG,2017,63.016
Afghanistan,AFG,2018,63.081
Afghanistan,AFG,2019,63.5645
Albania,ALB,2010,77.9359
Albania,ALB,2011,78.0919
Albania,ALB,2012,78.064
Albania,ALB,2013,78.1226
Albania,ALB,2014,78.4075
Albania,ALB,2015,78.6441
Albania,ALB,2016,78.8602
Albania,ALB,2017,79.0473
Albania,ALB,2018,79.1838
Albania,ALB,2019,79.2825
Algeria,DZA,2010,73.8081
Algeria,DZA,2011,74.1234
Algeria,DZA,2012,74.2024
Algeria,DZA,2013,74.6153
Algeria,DZA,2014,75.11
Algeria,DZA,2015,75.622
Algeria,DZA,2016,75.7318
Algeria,DZA,2017,75.7428
Algeria,DZA,2018,76.0656
Algeria,DZA,2019,76.4742
American Samoa,ASM,2010,72.0701
American Samoa,ASM,2011,72.1207
American Samoa,ASM,2012,72.3202
American Samoa,ASM,2013,72.2683
American Samoa,ASM,2014,72.3403
American Samoa,ASM,2015,72.522
American Samoa,ASM,2016,72.3712
American Samoa,ASM,2017,72.483
American Samoa,ASM,2018,72.4915
American Samoa,ASM,2019,72.3023
Andorra,AND,2010,82.8156
Andorra,AND,2011,82.8975
Andorra,AND,2012,82.9166
Andorra,AND,2013,82.9343
Andorra,AND,2014,82.9483
Andorra,AND,2015,82.9534
Andorra,AND,2016,82.9671
Andorra,AND,2017,82.9803
Andorra,AND,2018,82.9923
Andorra,AND,2019,83.0039
Angola,AGO,2010,56.7258
Angola,AGO,2011,57.5961
Angola,AGO,2012,58.6231
Angola,AGO,2013,59.3074
Angola,AGO,2014,60.0397
Angola,AGO,2015,60.6546
Angola,AGO,2016,61.0923
Angola,AGO,2017,61.6798
Angola,AGO,2018,62.1438
Angola,AGO,2019,62.4484
Anguilla,AIA,2010,77.7357
Anguilla,AIA,2011,77.9068
Anguilla,AIA,2012,77.8034
Anguilla,AIA,2013,77.5746
Anguilla,AIA,2014,77.3574
Anguilla,AIA,2015,77.0668
Anguilla,AIA,2016,76.8269
Anguilla,AIA,2017,75.9208
Anguilla,AIA,2018,76.8119
Anguilla,AIA,2019,76.8816
Antigua and Barbuda,ATG,2010,76.8195
Antigua and Barbuda,ATG,2011,77.1038
Antigua and Barbuda,ATG,2012,77.3502
Antigua and Barbuda,ATG,2013,77.5834
Antigua and Barbuda,ATG,2014,77.8577
Antigua and Barbuda,ATG,2015,77.9127
Antigua and Barbuda,ATG,2016,78.1516
Antigua and Barbuda,ATG,2017,78.2683
Antigua and Barbuda,ATG,2018,78.5112
Antigua and Barbuda,ATG,2019,78.6912
Argentina,ARG,2010,75.7208
Argentina,ARG,2011,76.124
Argentina,ARG,2012,76.4669
Argentina,ARG,2013,76.4908
Argentina,ARG,2014,76.7549
Argentina,ARG,2015,76.7602
Argentina,ARG,2016,76.3077
Argentina,ARG,2017,76.833
Argentina,ARG,2018,76.9994
Argentina,ARG,2019,77.2845
Armenia,ARM,2010,73.1597
Armenia,ARM,2011,73.3045
Armenia,ARM,2012,73.454
Armenia,ARM,2013,73.6759
Armenia,ARM,2014,74.0577
Armenia,ARM,2015,74.4361
Armenia,ARM,2016,74.6639
Armenia,ARM,2017,74.9059
Armenia,ARM,2018,75.0645
Armenia,ARM,2019,75.4386
Aruba,ABW,2010,75.4039
Aruba,ABW,2011,75.4651
Aruba,ABW,2012,75.5308
Aruba,ABW,2013,75.6361
Aruba,ABW,2014,75.6006
Aruba,ABW,2015,75.6831
Aruba,ABW,2016,75.6168
Aruba,ABW,2017,75.903
Aruba,ABW,2018,76.0715
Aruba,ABW,2019,76.248
Australia,AUS,2010,82.055
Australia,AUS,2011,82.1336
Australia,AUS,2012,82.3456
Australia,AUS,2013,82.6041
Australia,AUS,2014,82.5677
Australia,AUS,2015,82.6552
Australia,AUS,2016,82.8707
Australia,AUS,2017,83.0006
Australia,AUS,2018,83.3871
Australia,AUS,2019,83.11
Austria,AUT,2010,80.4643
Austria,AUT,2011,80.8285
Austria,AUT,2012,80.841
Austria,AUT,2013,81.0783
Austria,AUT,2014,81.3903
Austria,AUT,2015,81.1594
Austria,AUT,2016,81.5925
Austria,AUT,2017,81.6391
Austria,AUT,2018,81.6862
Austria,AUT,2019,81.9077
Azerbaijan,AZE,2010,69.5291
Azerbaijan,AZE,2011,69.9835
Azerbaijan,AZE,2012,70.3598
Azerbaijan,AZE,2013,70.8814
Azerbaijan,AZE,2014,71.1163
Azerbaijan,AZE,2015,71.4512
Azerbaijan,AZE,2016,72.0039
Azerbaijan,AZE,2017,72.2478
Azerbaijan,AZE,2018,72.7601
Azerbaijan,AZE,2019,73.1023
Bahamas,BHS,2010,72.7314
Bahamas,BHS,2011,72.5638
Bahamas,BHS,2012,72.7528
Bahamas,BHS,2013,73.0237
Bahamas,BHS,2014,73.3658
Bahamas,BHS,2015,73.104
Bahamas,BHS,2016,73.5368
Bahamas,BHS,2017,73.6317
Bahamas,BHS,2018,73.8057
Bahamas,BHS,2019,71.205
Bahrain,BHR,2010,78.748
Bahrain,BHR,2011,78.8902
Bahrain,BHR,2012,79.0813
Bahrain,BHR,2013,79.2463
Bahrain,BHR,2014,79.3278
Bahrain,BHR,2015,79.4046
Bahrain,BHR,2016,79.5569
Bahrain,BHR,2017,79.689
Bahrain,BHR,2018,79.8566
Bahrain,BHR,2019,80.0186
Bangladesh,BGD,2010,68.6384
Bangladesh,BGD,2011,68.8094
Bangladesh,BGD,2012,69.554
Bangladesh,BGD,2013,69.5646
Bangladesh,BGD,2014,69.9856
Bangladesh,BGD,2015,70.4913
Bangladesh,BGD,2016,71.09
Bangladesh,BGD,2017,71.7879
Bangladesh,BGD,2018,72.5675
Bangladesh,BGD,2019,72.8057
Barbados,BRB,2010,75.7115
Barbados,BRB,2011,75.9166
Barbados,BRB,2012,76.0987
Barbados,BRB,2013,76.2752
Barbados,BRB,2014,76.4758
Barbados,BRB,2015,76.6502
Barbados,BRB,2016,76.8149
Barbados,BRB,2017,76.936
Barbados,BRB,2018,77.067
Barbados,BRB,2019,77.2569
Belarus,BLR,2010,71.1219
Belarus,BLR,2011,71.5165
Belarus,BLR,2012,72.6137
Belarus,BLR,2013,72.9891
Belarus,BLR,2014,73.5849
Belarus,BLR,2015,73.9874
Belarus,BLR,2016,74.258
Belarus,BLR,2017,74.4519
Belarus,BLR,2018,74.5676
Belarus,BLR,2019,74.216
Belgium,BEL,2010,80.033
Belgium,BEL,2011,80.3649
Belgium,BEL,2012,80.2607
Belgium,BEL,2013,80.468
Belgium,BEL,2014,81.0811
Belgium,BEL,2015,80.8898
Belgium,BEL,2016,81.2661
Belgium,BEL,2017,81.3618
Belgium,BEL,2018,81.4787
Belgium,BEL,2019,81.8311
Belize,BLZ,2010,72.2716
Belize,BLZ,2011,72.6512
Belize,BLZ,2012,73.245
Belize,BLZ,2013,73.6661
Belize,BLZ,2014,73.3107
Belize,BLZ,2015,73.1866
Belize,BLZ,2016,73.3988
Belize,BLZ,2017,73.5624
Belize,BLZ,2018,73.7031
Belize,BLZ,2019,73.9313
Benin,BEN,2010,58.3627
Benin,BEN,2011,58.4624
Benin,BEN,2012,58.7159
Benin,BEN,2013,58.9654
Benin,BEN,2014,59.1249
Benin,BEN,2015,59.3771
Benin,BEN,2016,59.5394
Benin,BEN,2017,59.8558
Benin,BEN,2018,60.1403
Benin,BEN,2019,60.4537
Bermuda,BMU,2010,80.4985
Bermuda,BMU,2011,81.4028
Bermuda,BMU,2012,81.2724
Bermuda,BMU,2013,79.9917
Bermuda,BMU,2014,79.5177
Bermuda,BMU,2015,80.9176
Bermuda,BMU,2016,80.6078
Bermuda,BMU,2017,82.3507
Bermuda,BMU,2018,80.8253
Bermuda,BMU,2019,81.0334
Bhutan,BTN,2010,68.4298
Bhutan,BTN,2011,68.881
Bhutan,BTN,2012,69.3261
Bhutan,BTN,2013,69.7072
Bhutan,BTN,2014,70.0486
Bhutan,BTN,2015,70.3433
Bhutan,BTN,2016,70.6022
Bhutan,BTN,2017,70.8472
Bhutan,BTN,2018,71.1286
Bhutan,BTN,2019,71.3909
Bolivia,BOL,2010,66.1624
Bolivia,BOL,2011,66.5337
Bolivia,BOL,2012,66.7046
Bolivia,BOL,2013,67.0207
Bolivia,BOL,2014,67.1632
Bolivia,BOL,2015,67.3182
Bolivia,BOL,2016,67.6277
Bolivia,BOL,2017,67.7015
Bolivia,BOL,2018,67.748
Bolivia,BOL,2019,67.841
Bonaire Sint Eustatius and Saba,BES,2010,75.2724
Bonaire Sint Eustatius and Saba,BES,2011,76.4916
Bonaire Sint Eustatius and Saba,BES,2012,75.2005
Bonaire Sint Eustatius and Saba,BES,2013,75.4816
Bonaire Sint Eustatius and Saba,BES,2014,76.5878
Bonaire Sint Eustatius and Saba,BES,2015,77.4623
Bonaire Sint Eustatius and Saba,BES,2016,75.4942
Bonaire Sint Eustatius and Saba,BES,2017,77.3288
Bonaire Sint Eustatius and Saba,BES,2018,75.6413
Bonaire Sint Eustatius and Saba,BES,2019,76.4285
Bosnia and Herzegovina,BIH,2010,77.0729
Bosnia and Herzegovina,BIH,2011,77.0069
Bosnia and Herzegovina,BIH,2012,77.1914
Bosnia and Herzegovina,BIH,2013,76.3304
Bosnia and Herzegovina,BIH,2014,75.6586
Bosnia and Herzegovina,BIH,2015,76.1819
Bosnia and Herzegovina,BIH,2016,76.8083
Bosnia and Herzegovina,BIH,2017,76.9349
Bosnia and Herzegovina,BIH,2018,77.0926
Bosnia and Herzegovina,BIH,2019,77.2412
Botswana,BWA,2010,60.0133
Botswana,BWA,2011,60.5302
Botswana,BWA,2012,60.8004
Botswana,BWA,2013,61.9958
Botswana,BWA,2014,62.6076
Botswana,BWA,2015,63.8183
Botswana,BWA,2016,65.4644
Botswana,BWA,2017,66.7526
Botswana,BWA,2018,65.4224
Botswana,BWA,2019,65.4636
Brazil,BRA,2010,73.1821
Brazil,BRA,2011,73.3432
Brazil,BRA,2012,73.5517
Brazil,BRA,2013,73.9185
Brazil,BRA,2014,74.3058
Brazil,BRA,2015,74.3325
Brazil,BRA,2016,74.4415
Brazil,BRA,2017,74.8266
Brazil,BRA,2018,75.1095
Brazil,BRA,2019,75.3379
British Virgin Islands,VGB,2010,75.4278
British Virgin Islands,VGB,2011,75.4856
British Virgin Islands,VGB,2012,75.5319
British Virgin Islands,VGB,2013,75.5741
British Virgin Islands,VGB,2014,75.6118
British Virgin Islands,VGB,2015,75.6746
British Virgin Islands,VGB,2016,75.7236
British Virgin Islands,VGB,2017,74.7846
British Virgin Islands,VGB,2018,75.8311
British Virgin Islands,VGB,2019,75.8632
Brunei,BRN,2010,74.8492
Brunei,BRN,2011,74.858
Brunei,BRN,2012,74.8274
Brunei,BRN,2013,74.7992
Brunei,BRN,2014,74.7788
Brunei,BRN,2015,74.7498
Brunei,BRN,2016,74.7332
Brunei,BRN,2017,74.722
Brunei,BRN,2018,74.7118
Brunei,BRN,2019,74.7483
Bulgaria,BGR,2010,73.8348
Bulgaria,BGR,2011,74.1895
Bulgaria,BGR,2012,74.3572
Bulgaria,BGR,2013,74.8489
Bulgaria,BGR,2014,74.4824
Bulgaria,BGR,2015,74.6325
Bulgaria,BGR,2016,74.8336
Bulgaria,BGR,2017,74.7992
Bulgaria,BGR,2018,74.8983
Bulgaria,BGR,2019,75.0624
Burkina Faso,BFA,2010,56.4768
Burkina Faso,BFA,2011,57.1246
Burkina Faso,BFA,2012,57.6187
Burkina Faso,BFA,2013,57.8234
Burkina Faso,BFA,2014,58.3589
Burkina Faso,BFA,2015,58.8454
Burkina Faso,BFA,2016,59.3262
Burkina Faso,BFA,2017,59.5361
Burkina Faso,BFA,2018,60.0466
Burkina Faso,BFA,2019,60.0391
Burundi,BDI,2010,57.0809
Burundi,BDI,2011,57.7692
Burundi,BDI,2012,58.4927
Burundi,BDI,2013,59.2346
Burundi,BDI,2014,59.8684
Burundi,BDI,2015,60.2172
Burundi,BDI,2016,60.7931
Burundi,BDI,2017,61.5526
Burundi,BDI,2018,61.6884
Burundi,BDI,2019,62.3514
Cambodia,KHM,2010,67.7123
Cambodia,KHM,2011,68.4163
Cambodia,KHM,2012,68.9149
Cambodia,KHM,2013,69.3042
Cambodia,KHM,2014,69.7364
Cambodia,KHM,2015,69.8725
Cambodia,KHM,2016,70.2244
Cambodia,KHM,2017,70.5153
Cambodia,KHM,2018,70.5609
Cambodia,KHM,2019,70.6923
Cameroon,CMR,2010,56.582
Cameroon,CMR,2011,57.1331
Cameroon,CMR,2012,57.7922
Cameroon,CMR,2013,58.4761
Cameroon,CMR,2014,58.9355
Cameroon,CMR,2015,59.658
Cameroon,CMR,2016,60.2333
Cameroon,CMR,2017,60.8103
Cameroon,CMR,2018,61.1798
Cameroon,CMR,2019,61.5839
Canada,CAN,2010,81.3469
Canada,CAN,2011,81.5286
Canada,CAN,2012,81.7221
Canada,CAN,2013,81.8029
Canada,CAN,2014,81.8545
Canada,CAN,2015,81.9246
Canada,CAN,2016,82.0434
Canada,CAN,2017,82.0192
Canada,CAN,2018,82.0508
Canada,CAN,2019,82.3628
Cape Verde,CPV,2010,73.4986
Cape Verde,CPV,2011,74.2565
Cape Verde,CPV,2012,74.4838
Cape Verde,CPV,2013,75.059
Cape Verde,CPV,2014,75.24
Cape Verde,CPV,2015,74.6195
Cape Verde,CPV,2016,75.7423
Cape Verde,CPV,2017,76.5928
Cape Verde,CPV,2018,75.7331
Cape Verde,CPV,2019,76.0042
Cayman Islands,CYM,2010,75.7619
Cayman Islands,CYM,2011,75.0612
Cayman Islands,CYM,2012,74.9563
Cayman Islands,CYM,2013,74.8892
Cayman Islands,CYM,2014,74.824
Cayman Islands,CYM,2015,74.82
Cayman Islands,CYM,2016,74.878
Cayman Islands,CYM,2017,74.9339
Cayman Islands,CYM,2018,74.9926
Cayman Islands,CYM,2019,75.0678
Central African Republic,CAF,2010,49.2549
Central African Republic,CAF,2011,49.9482
Central African Republic,CAF,2012,50.6861
Central African Republic,CAF,2013,50.902
Central African Republic,CAF,2014,50.5655
Central African Republic,CAF,2015,52.793
Central African Republic,CAF,2016,53.4601
Central African Republic,CAF,2017,53.7207
Central African Republic,CAF,2018,54.3693
Central African Republic,CAF,2019,55.0253
Chad,TCD,2010,49.5843
Chad,TCD,2011,50.009
Chad,TCD,2012,50.5401
Chad,TCD,2013,50.7806
Chad,TCD,2014,51.202
Chad,TCD,2015,51.5888
Chad,TCD,2016,52.0834
Chad,TCD,2017,52.3076
Chad,TCD,2018,52.8253
Chad,TCD,2019,53.2594
Chile,CHL,2010,78.5015
Chile,CHL,2011,79.1099
Chile,CHL,2012,79.0233
Chile,CHL,2013,79.3391
Chile,CHL,2014,79.4726
Chile,CHL,2015,79.746
Chile,CHL,2016,80.0794
Chile,CHL,2017,80.3501
Chile,CHL,2018,80.1334
Chile,CHL,2019,80.3263
China,CHN,2010,75.5991
China,CHN,2011,75.9032
China,CHN,2012,76.1923
China,CHN,2013,76.4523
China,CHN,2014,76.7173
China,CHN,2015,76.9771
China,CHN,2016,77.2177
China,CHN,2017,77.2476
China,CHN,2018,77.7444
China,CHN,2019,77.968
Colombia,COL,2010,75.0327
Colombia,COL,2011,75.3198
Colombia,COL,2012,75.5973
Colombia,COL,2013,75.8267
Colombia,COL,2014,76.0427
Colombia,COL,2015,76.2573
Colombia,COL,2016,76.4713
Colombia,COL,2017,76.6456
Colombia,COL,2018,76.7479
Colombia,COL,2019,76.7523
Comoros,COM,2010,61.1233
Comoros,COM,2011,61.5033
Comoros,COM,2012,61.834
Comoros,COM,2013,62.2244
Comoros,COM,2014,62.5158
Comoros,COM,2015,62.8956
Comoros,COM,2016,63.2368
Comoros,COM,2017,63.6254
Comoros,COM,2018,63.9117
Comoros,COM,2019,64.0684
Congo,COG,2010,61.6833
Congo,COG,2011,61.9924
Congo,COG,2012,62.317
Congo,COG,2013,62.6947
Congo,COG,2014,62.9502
Congo,COG,2015,63.2329
Congo,COG,2016,63.5765
Congo,COG,2017,63.76
Congo,COG,2018,64.0531
Congo,COG,2019,62.7467
Cook Islands,COK,2010,73.5127
Cook Islands,COK,2011,73.7526
Cook Islands,COK,2012,73.9492
Cook Islands,COK,2013,74.0695
Cook Islands,COK,2014,74.1399
Cook Islands,COK,2015,74.2313
Cook Islands,COK,2016,74.3222
Cook Islands,COK,2017,74.4047
Cook Islands,COK,2018,74.4957
Cook Islands,COK,2019,74.5791
Costa Rica,CRI,2010,78.6704
Costa Rica,CRI,2011,79.3477
Costa Rica,CRI,2012,79.2827
Costa Rica,CRI,2013,79.4034
Costa Rica,CRI,2014,78.7741
Costa Rica,CRI,2015,79.0857
Costa Rica,CRI,2016,79.4592
Costa Rica,CRI,2017,79.3769
Costa Rica,CRI,2018,79.4835
Costa Rica,CRI,2019,79.4272
Cote d'Ivoire,CIV,2010,55.0225
Cote d'Ivoire,CIV,2011,55.5195
Cote d'Ivoire,CIV,2012,56.1579
Cote d'Ivoire,CIV,2013,56.7481
Cote d'Ivoire,CIV,2014,57.208
Cote d'Ivoire,CIV,2015,57.7624
Cote d'Ivoire,CIV,2016,58.0599
Cote d'Ivoire,CIV,2017,58.4805
Cote d'Ivoire,CIV,2018,58.8494
Cote d'Ivoire,CIV,2019,59.3185
Croatia,HRV,2010,76.8049
Croatia,HRV,2011,77.2222
Croatia,HRV,2012,77.3401
Croatia,HRV,2013,77.8427
Croatia,HRV,2014,77.9533
Croatia,HRV,2015,77.5599
Croatia,HRV,2016,78.2314
Croatia,HRV,2017,78.0832
Croatia,HRV,2018,78.337
Croatia,HRV,2019,78.7376
Cuba,CUB,2010,77.661
Cuba,CUB,2011,77.7597
Cuba,CUB,2012,77.8328
Cuba,CUB,2013,77.8698
Cuba,CUB,2014,77.8533
Cuba,CUB,2015,77.772
Cuba,CUB,2016,77.643
Cuba,CUB,2017,77.5286
Cuba,CUB,2018,77.4962
Cuba,CUB,2019,77.6112
Curacao,CUW,2010,74.8064
Curacao,CUW,2011,75.224
Curacao,CUW,2012,75.467
Curacao,CUW,2013,75.8883
Curacao,CUW,2014,75.848
Curacao,CUW,2015,76.0589
Curacao,CUW,2016,75.9675
Curacao,CUW,2017,76.1449
Curacao,CUW,2018,76.1421
Curacao,CUW,2019,76.1
Cyprus,CYP,2010,79.665
Cyprus,CYP,2011,79.9991
Cyprus,CYP,2012,80.1094
Cyprus,CYP,2013,80.4016
Cyprus,CYP,2014,80.7706
Cyprus,CYP,2015,80.9665
Cyprus,CYP,2016,81.0563
Cyprus,CYP,2017,81.328
Cyprus,CYP,2018,81.382
Cyprus,CYP,2019,81.397
Czechia,CZE,2010,77.5703
Czechia,CZE,2011,77.8191
Czechia,CZE,2012,78.0058
Czechia,CZE,2013,78.1796
Czechia,CZE,2014,78.755
Czechia,CZE,2015,78.58
Czechia,CZE,2016,78.9967
Czechia,CZE,2017,78.9557
Czechia,CZE,2018,79.0039
Czechia,CZE,2019,79.2433
Democratic Republic of Congo,COD,2010,56.4167
Democratic Republic of Congo,COD,2011,57.0693
Democratic Republic of Congo,COD,2012,57.2484
Democratic Republic of Congo,COD,2013,57.7618
Democratic Republic of Congo,COD,2014,58.2963
Democratic Republic of Congo,COD,2015,58.49
Democratic Republic of Congo,COD,2016,59.0664
Democratic Republic of Congo,COD,2017,59.4114
Democratic Republic of Congo,COD,2018,59.9417
Democratic Republic of Congo,COD,2019,60.2757
Denmark,DNK,2010,79.2459
Denmark,DNK,2011,79.7845
Denmark,DNK,2012,80.0807
Denmark,DNK,2013,80.3042
Denmark,DNK,2014,80.6302
Denmark,DNK,2015,80.738
Denmark,DNK,2016,80.8803
Denmark,DNK,2017,81.1112
Denmark,DNK,2018,80.99
Denmark,DNK,2019,81.4337
Djibouti,DJI,2010,60.2587
Djibouti,DJI,2011,60.4329
Djibouti,DJI,2012,60.8479
Djibouti,DJI,2013,61.2212
Djibouti,DJI,2014,61.6411
Djibouti,DJI,2015,61.957
Djibouti,DJI,2016,62.1908
Djibouti,DJI,2017,62.7966
Djibouti,DJI,2018,63.0381
Djibouti,DJI,2019,63.0854
Dominica,DMA,2010,71.5499
Dominica,DMA,2011,69.6948
Dominica,DMA,2012,70.5383
Dominica,DMA,2013,68.8962
Dominica,DMA,2014,69.4342
Dominica,DMA,2015,68.7266
Dominica,DMA,2016,70.1284
Dominica,DMA,2017,67.5253
Dominica,DMA,2018,73.59
Dominica,DMA,2019,73.5588
Dominican Republic,DOM,2010,72.0933
Dominican Republic,DOM,2011,72.2212
Dominican Republic,DOM,2012,72.5142
Dominican Republic,DOM,2013,72.7127
Dominican Republic,DOM,2014,72.8665
Dominican Republic,DOM,2015,72.9531
Dominican Republic,DOM,2016,72.9867
Dominican Republic,DOM,2017,73.0629
Dominican Republic,DOM,2018,73.2323
Dominican Republic,DOM,2019,73.5767
East Timor,TLS,2010,65.3036
East Timor,TLS,2011,65.6965
East Timor,TLS,2012,66.0812
East Timor,TLS,2013,66.4396
East Timor,TLS,2014,66.7865
East Timor,TLS,2015,67.1373
East Timor,TLS,2016,67.4461
East Timor,TLS,2017,67.7454
East Timor,TLS,2018,68.0167
East Timor,TLS,2019,68.2684
Ecuador,ECU,2010,75.4301
Ecuador,ECU,2011,75.7425
Ecuador,ECU,2012,76.0616
Ecuador,ECU,2013,76.3694
Ecuador,ECU,2014,76.6221
Ecuador,ECU,2015,76.7893
Ecuador,ECU,2016,76.7634
Ecuador,ECU,2017,76.9725
Ecuador,ECU,2018,77.0938
Ecuador,ECU,2019,77.2971
Egypt,EGY,2010,69.6638
Egypt,EGY,2011,69.8805
Egypt,EGY,2012,70.0848
Egypt,EGY,2013,70.0521
Egypt,EGY,2014,70.4151
Egypt,EGY,2015,70.4831
Egypt,EGY,2016,70.8435
Egypt,EGY,2017,71.3019
Egypt,EGY,2018,71.3669
Egypt,EGY,2019,71.3575
El Salvador,SLV,2010,71.8478
El Salvador,SLV,2011,71.8589
El Salvador,SLV,2012,71.8313
El Salvador,SLV,2013,71.7711
El Salvador,SLV,2014,71.7464
El Salvador,SLV,2015,71.8143
El Salvador,SLV,2016,72.0248
El Salvador,SLV,2017,72.3108
El Salvador,SLV,2018,72.5546
El Salvador,SLV,2019,72.5586
Equatorial Guinea,GNQ,2010,57.8777
Equatorial Guinea,GNQ,2011,58.4121
Equatorial Guinea,GNQ,2012,58.8646
Equatorial Guinea,GNQ,2013,59.2236
Equatorial Guinea,GNQ,2014,59.5947
Equatorial Guinea,GNQ,2015,60.1032
Equatorial Guinea,GNQ,2016,60.4786
Equatorial Guinea,GNQ,2017,60.8205
Equatorial Guinea,GNQ,2018,61.1914
Equatorial Guinea,GNQ,2019,61.6444
Eritrea,ERI,2010,63.7866
Eritrea,ERI,2011,64.4017
Eritrea,ERI,2012,64.8385
Eritrea,ERI,2013,65.0665
Eritrea,ERI,2014,65.5995
Eritrea,ERI,2015,66.0333
Eritrea,ERI,2016,66.2893
Eritrea,ERI,2017,66.5773
Eritrea,ERI,2018,67.0675
Eritrea,ERI,2019,67.2996
Estonia,EST,2010,75.7485
Estonia,EST,2011,76.4681
Estonia,EST,2012,76.5454
Estonia,EST,2013,77.1272
Estonia,EST,2014,77.1406
Estonia,EST,2015,77.6563
Estonia,EST,2016,77.8201
Estonia,EST,2017,77.976
Estonia,EST,2018,78.1395
Estonia,EST,2019,78.6693
Eswatini,SWZ,2010,46.6191
Eswatini,SWZ,2011,48.1946
Eswatini,SWZ,2012,49.8352
Eswatini,SWZ,2013,51.4863
Eswatini,SWZ,2014,53.0497
Eswatini,SWZ,2015,55.0192
Eswatini,SWZ,2016,56.6591
Eswatini,SWZ,2017,57.8951
Eswatini,SWZ,2018,59.4114
Eswatini,SWZ,2019,60.5492
Ethiopia,ETH,2010,59.73
Ethiopia,ETH,2011,60.7206
Ethiopia,ETH,2012,61.5431
Ethiopia,ETH,2013,62.3734
Ethiopia,ETH,2014,62.9046
Ethiopia,ETH,2015,63.6492
Ethiopia,ETH,2016,64.3919
Ethiopia,ETH,2017,64.8383
Ethiopia,ETH,2018,65.4117
Ethiopia,ETH,2019,65.8377
Falkland Islands,FLK,2010,77.7223
Falkland Islands,FLK,2011,78.1262
Falkland Islands,FLK,2012,78.1563
Falkland Islands,FLK,2013,78.254
Falkland Islands,FLK,2014,78.5214
Falkland Islands,FLK,2015,78.2487
Falkland Islands,FLK,2016,78.4314
Falkland Islands,FLK,2017,78.535
Falkland Islands,FLK,2018,78.5184
Falkland Islands,FLK,2019,78.6576
Faroe Islands,FRO,2010,77.2458
Faroe Islands,FRO,2011,78.2244
Faroe Islands,FRO,2012,78.9488
Faroe Islands,FRO,2013,78.8256
Faroe Islands,FRO,2014,79.8886
Faroe Islands,FRO,2015,79.7437
Faroe Islands,FRO,2016,80.1813
Faroe Islands,FRO,2017,78.0089
Faroe Islands,FRO,2018,78.3999
Faroe Islands,FRO,2019,78.4228
Fiji,FJI,2010,67.3276
Fiji,FJI,2011,67.5234
Fiji,FJI,2012,67.5515
Fiji,FJI,2013,67.428
Fiji,FJI,2014,67.3764
Fiji,FJI,2015,66.8436
Fiji,FJI,2016,67.2395
Fiji,FJI,2017,67.7904
Fiji,FJI,2018,67.8096
Fiji,FJI,2019,67.8933
Finland,FIN,2010,80.0117
Finland,FIN,2011,80.3915
Finland,FIN,2012,80.5008
Finland,FIN,2013,80.8831
Finland,FIN,2014,81.0125
Finland,FIN,2015,81.4178
Finland,FIN,2016,81.2915
Finland,FIN,2017,81.4976
Finland,FIN,2018,81.6266
Finland,FIN,2019,81.8706
France,FRA,2010,81.4275
France,FRA,2011,81.813
France,FRA,2012,81.774
France,FRA,2013,82.0159
France,FRA,2014,82.4761
France,FRA,2015,82.1857
France,FRA,2016,82.4372
France,FRA,2017,82.4732
France,FRA,2018,82.5909
France,FRA,2019,82.7315
French Guiana,GUF,2010,75.802
French Guiana,GUF,2011,76.3049
French Guiana,GUF,2012,76.4629
French Guiana,GUF,2013,76.5278
French Guiana,GUF,2014,76.7023
French Guiana,GUF,2015,76.7411
French Guiana,GUF,2016,76.6841
French Guiana,GUF,2017,76.7556
French Guiana,GUF,2018,76.8248
French Guiana,GUF,2019,76.9227
French Polynesia,PYF,2010,81.0392
French Polynesia,PYF,2011,81.4292
French Polynesia,PYF,2012,81.7588
French Polynesia,PYF,2013,82.0166
French Polynesia,PYF,2014,82.2136
French Polynesia,PYF,2015,82.3544
French Polynesia,PYF,2016,82.4878
French Polynesia,PYF,2017,82.6178
French Polynesia,PYF,2018,82.7834
French Polynesia,PYF,2019,82.9961
Gabon,GAB,2010,63.8977
Gabon,GAB,2011,64.0453
Gabon,GAB,2012,64.5871
Gabon,GAB,2013,64.7765
Gabon,GAB,2014,64.9743
Gabon,GAB,2015,65.4599
Gabon,GAB,2016,65.8025
Gabon,GAB,2017,66.1889
Gabon,GAB,2018,66.3064
Gabon,GAB,2019,66.6028
Gambia,GMB,2010,60.7166
Gambia,GMB,2011,61.5257
Gambia,GMB,2012,62.0961
Gambia,GMB,2013,62.1138
Gambia,GMB,2014,62.2688
Gambia,GMB,2015,62.494
Gambia,GMB,2016,63.0127
Gambia,GMB,2017,62.9955
Gambia,GMB,2018,63.04
Gambia,GMB,2019,63.7549
Georgia,GEO,2010,72.1277
Georgia,GEO,2011,72.3902
Georgia,GEO,2012,72.412
Georgia,GEO,2013,72.6284
Georgia,GEO,2014,73.0993
Georgia,GEO,2015,73.2972
Georgia,GEO,2016,73.5692
Georgia,GEO,2017,73.5701
Georgia,GEO,2018,73.3414
Georgia,GEO,2019,73.4696
Germany,DEU,2010,80.0864
Germany,DEU,2011,80.36
Germany,DEU,2012,80.5058
Germany,DEU,2013,80.4633
Germany,DEU,2014,80.9151
Germany,DEU,2015,80.5742
Germany,DEU,2016,80.8471
Germany,DEU,2017,80.9442
Germany,DEU,2018,81.1717
Germany,DEU,2019,81.5584
Ghana,GHA,2010,61.1571
Ghana,GHA,2011,61.6517
Ghana,GHA,2012,62.0805
Ghana,GHA,2013,62.4205
Ghana,GHA,2014,63.0447
Ghana,GHA,2015,63.1752
Ghana,GHA,2016,63.8902
Ghana,GHA,2017,64.0131
Ghana,GHA,2018,64.122
Ghana,GHA,2019,64.7401
Gibraltar,GIB,2010,80.958
Gibraltar,GIB,2011,81.8715
Gibraltar,GIB,2012,83.3658
Gibraltar,GIB,2013,80.5502
Gibraltar,GIB,2014,81.8822
Gibraltar,GIB,2015,80.4269
Gibraltar,GIB,2016,81.702
Gibraltar,GIB,2017,81.8303
Gibraltar,GIB,2018,82.154
Gibraltar,GIB,2019,82.3633
Greece,GRC,2010,80.5102
Greece,GRC,2011,80.5469
Greece,GRC,2012,80.3409
Greece,GRC,2013,80.9738
Greece,GRC,2014,81.007
Greece,GRC,2015,80.6676
Greece,GRC,2016,81.1617
Greece,GRC,2017,80.8501
Greece,GRC,2018,81.3907
Greece,GRC,2019,81.2489
Greenland,GRL,2010,70.3271
Greenland,GRL,2011,70.8311
Greenland,GRL,2012,71.4352
Greenland,GRL,2013,71.9923
Greenland,GRL,2014,71.9365
Greenland,GRL,2015,72.1071
Greenland,GRL,2016,72.1911
Greenland,GRL,2017,72.5693
Greenland,GRL,2018,72.2036
Greenland,GRL,2019,72.2124
Grenada,GRD,2010,74.9988
Grenada,GRD,2011,75.2947
Grenada,GRD,2012,75.0416
Grenada,GRD,2013,75.1161
Grenada,GRD,2014,74.985
Grenada,GRD,2015,75.0125
Grenada,GRD,2016,74.7622
Grenada,GRD,2017,74.7652
Grenada,GRD,2018,74.8076
Grenada,GRD,2019,74.8632
Guadeloupe,GLP,2010,80.5196
Guadeloupe,GLP,2011,81.0245
Guadeloupe,GLP,2012,81.6097
Guadeloupe,GLP,2013,81.4403
Guadeloupe,GLP,2014,81.7894
Guadeloupe,GLP,2015,81.8895
Guadeloupe,GLP,2016,82.5527
Guadeloupe,GLP,2017,82.5031
Guadeloupe,GLP,2018,82.5015
Guadeloupe,GLP,2019,82.7823
Guam,GUM,2010,76.8788
Guam,GUM,2011,76.872
Guam,GUM,2012,76.7068
Guam,GUM,2013,76.7196
Guam,GUM,2014,76.7492
Guam,GUM,2015,76.6163
Guam,GUM,2016,76.8769
Guam,GUM,2017,77.1548
Guam,GUM,2018,77.4387
Guam,GUM,2019,77.7174
Guatemala,GTM,2010,70.8783
Guatemala,GTM,2011,71.1769
Guatemala,GTM,2012,71.463
Guatemala,GTM,2013,71.728
Guatemala,GTM,2014,71.9638
Guatemala,GTM,2015,72.103
Guatemala,GTM,2016,72.3547
Guatemala,GTM,2017,72.5506
Guatemala,GTM,2018,72.7257
Guatemala,GTM,2019,73.1289
Guernsey,GGY,2010,82.4289
Guernsey,GGY,2011,82.9009
Guernsey,GGY,2012,82.4136
Guernsey,GGY,2013,82.3541
Guernsey,GGY,2014,82.8279
Guernsey,GGY,2015,82.283
Guernsey,GGY,2016,82.6324
Guernsey,GGY,2017,82.0969
Guernsey,GGY,2018,82.3065
Guernsey,GGY,2019,82.4092
Guinea,GIN,2010,56.7197
Guinea,GIN,2011,57.0191
Guinea,GIN,2012,57.4064
Guinea,GIN,2013,57.7906
Guinea,GIN,2014,57.8858
Guinea,GIN,2015,58.1336
Guinea,GIN,2016,58.7625
Guinea,GIN,2017,59.1093
Guinea,GIN,2018,59.3491
Guinea,GIN,2019,59.7199
Guinea-Bissau,GNB,2010,56.2295
Guinea-Bissau,GNB,2011,56.9667
Guinea-Bissau,GNB,2012,57.6901
Guinea-Bissau,GNB,2013,58.2324
Guinea-Bissau,GNB,2014,58.6096
Guinea-Bissau,GNB,2015,59.1282
Guinea-Bissau,GNB,2016,59.6739
Guinea-Bissau,GNB,2017,60.0665
Guinea-Bissau,GNB,2018,60.5016
Guinea-Bissau,GNB,2019,60.8818
Guyana,GUY,2010,66.743
Guyana,GUY,2011,66.9818
Guyana,GUY,2012,67.2298
Guyana,GUY,2013,67.4727
Guyana,GUY,2014,67.8818
Guyana,GUY,2015,68.2015
Guyana,GUY,2016,68.384
Guyana,GUY,2017,68.6668
Guyana,GUY,2018,68.8959
Guyana,GUY,2019,69.1239
Haiti,HTI,2010,46.0185
Haiti,HTI,2011,61.6227
Haiti,HTI,2012,62.2915
Haiti,HTI,2013,62.6047
Haiti,HTI,2014,62.9875
Haiti,HTI,2015,63.2372
Haiti,HTI,2016,63.3922
Haiti,HTI,2017,63.8538
Haiti,HTI,2018,64.0188
Haiti,HTI,2019,64.2546
Honduras,HND,2010,71.0884
Honduras,HND,2011,71.4386
Honduras,HND,2012,71.7344
Honduras,HND,2013,71.9629
Honduras,HND,2014,72.2594
Honduras,HND,2015,72.4871
Honduras,HND,2016,72.5878
Honduras,HND,2017,72.6918
Honduras,HND,2018,72.8141
Honduras,HND,2019,72.8811
Hong Kong,HKG,2010,82.993
Hong Kong,HKG,2011,83.2321
Hong Kong,HKG,2012,83.561
Hong Kong,HKG,2013,83.8058
Hong Kong,HKG,2014,84.0767
Hong Kong,HKG,2015,84.2888
Hong Kong,HKG,2016,84.539
Hong Kong,HKG,2017,84.8988
Hong Kong,HKG,2018,85.2456
Hong Kong,HKG,2019,85.2735
Hungary,HUN,2010,74.5192
Hungary,HUN,2011,74.9232
Hungary,HUN,2012,75.1808
Hungary,HUN,2013,75.6809
Hungary,HUN,2014,75.8474
Hungary,HUN,2015,75.6517
Hungary,HUN,2016,76.1552
Hungary,HUN,2017,76.0055
Hungary,HUN,2018,76.2039
Hungary,HUN,2019,76.4543
Iceland,ISL,2010,81.7003
Iceland,ISL,2011,82.178
Iceland,ISL,2012,82.5564
Iceland,ISL,2013,81.9289
Iceland,ISL,2014,82.6133
Iceland,ISL,2015,82.3508
Iceland,ISL,2016,82.03
Iceland,ISL,2017,82.5352
Iceland,ISL,2018,82.7703
Iceland,ISL,2019,82.4042
India,IND,2010,66.9086
India,IND,2011,67.359
India,IND,2012,67.8872
India,IND,2013,68.4598
India,IND,2014,69.0736
India,IND,2015,69.6363
India,IND,2016,70.1167
India,IND,2017,70.4672
India,IND,2018,70.7095
India,IND,2019,70.9098
Indonesia,IDN,2010,68.6793
Indonesia,IDN,2011,68.8228
Indonesia,IDN,2012,68.973
Indonesia,IDN,2013,69.2641
Indonesia,IDN,2014,69.5333
Indonesia,IDN,2015,69.6989
Indonesia,IDN,2016,69.7976
Indonesia,IDN,2017,69.9356
Indonesia,IDN,2018,70.3375
Indonesia,IDN,2019,70.5184
Iran,IRN,2010,73.0691
Iran,IRN,2011,73.6786
Iran,IRN,2012,74.186
Iran,IRN,2013,74.4493
Iran,IRN,2014,74.7825
Iran,IRN,2015,75.1239
Iran,IRN,2016,75.6
Iran,IRN,2017,75.9712
Iran,IRN,2018,76.195
Iran,IRN,2019,76.1031
Iraq,IRQ,2010,67.0622
Iraq,IRQ,2011,67.659
Iraq,IRQ,2012,68.0232
Iraq,IRQ,2013,68.2534
Iraq,IRQ,2014,68.9136
Iraq,IRQ,2015,69.4403
Iraq,IRQ,2016,68.9878
Iraq,IRQ,2017,70.4126
Iraq,IRQ,2018,71.5143
Iraq,IRQ,2019,71.5764
Ireland,IRL,2010,80.5226
Ireland,IRL,2011,80.6332
Ireland,IRL,2012,80.7523
Ireland,IRL,2013,80.9675
Ireland,IRL,2014,81.3067
Ireland,IRL,2015,81.4163
Ireland,IRL,2016,81.5498
Ireland,IRL,2017,81.9168
Ireland,IRL,2018,82.0863
Ireland,IRL,2019,82.2586
Isle of Man,IMN,2010,78.9829
Isle of Man,IMN,2011,79.1901
Isle of Man,IMN,2012,79.3367
Isle of Man,IMN,2013,79.4732
Isle of Man,IMN,2014,80.0371
Isle of Man,IMN,2015,78.9047
Isle of Man,IMN,2016,80.3138
Isle of Man,IMN,2017,80.4573
Isle of Man,IMN,2018,80.5956
Isle of Man,IMN,2019,80.7373
Israel,ISR,2010,81.7443
Israel,ISR,2011,81.7274
Israel,ISR,2012,81.7346
Israel,ISR,2013,82.1154
Israel,ISR,2014,82.2236
Israel,ISR,2015,82.0999
Israel,ISR,2016,82.4854
Israel,ISR,2017,82.7195
Israel,ISR,2018,82.8232
Israel,ISR,2019,82.8123
Italy,ITA,2010,82.1371
Italy,ITA,2011,82.235
Italy,ITA,2012,82.2588
Italy,ITA,2013,82.6599
Italy,ITA,2014,82.908
Italy,ITA,2015,82.5255
Italy,ITA,2016,83.0492
Italy,ITA,2017,82.7282
Italy,ITA,2018,83.1847
Italy,ITA,2019,83.552
Jamaica,JAM,2010,72.6219
Jamaica,JAM,2011,73.0942
Jamaica,JAM,2012,73.4335
Jamaica,JAM,2013,73.4119
Jamaica,JAM,2014,72.982
Jamaica,JAM,2015,72.394
Jamaica,JAM,2016,72.0198
Jamaica,JAM,2017,71.9114
Jamaica,JAM,2018,71.793
Jamaica,JAM,2019,71.767
Japan,JPN,2010,82.9193
Japan,JPN,2011,82.6756
Japan,JPN,2012,83.1755
Japan,JPN,2013,83.4107
Japan,JPN,2014,83.6525
Japan,JPN,2015,83.8928
Japan,JPN,2016,84.0664
Japan,JPN,2017,84.1976
Japan,JPN,2018,84.2971
Japan,JPN,2019,84.4258
Jersey,JEY,2010,80.2917
Jersey,JEY,2011,80.9855
Jersey,JEY,2012,80.6632
Jersey,JEY,2013,80.9931
Jersey,JEY,2014,81.2998
Jersey,JEY,2015,80.9121
Jersey,JEY,2016,80.6028
Jersey,JEY,2017,80.8764
Jersey,JEY,2018,80.8284
Jersey,JEY,2019,80.7962
Jordan,JOR,2010,73.9996
Jordan,JOR,2011,74.1891
Jordan,JOR,2012,74.3659
Jordan,JOR,2013,74.5621
Jordan,JOR,2014,74.7889
Jordan,JOR,2015,75.0112
Jordan,JOR,2016,75.2153
Jordan,JOR,2017,75.5018
Jordan,JOR,2018,75.7743
Jordan,JOR,2019,76.044
Kazakhstan,KAZ,2010,68.1157
Kazakhstan,KAZ,2011,68.7452
Kazakhstan,KAZ,2012,69.1295
Kazakhstan,KAZ,2013,69.8136
Kazakhstan,KAZ,2014,70.3334
Kazakhstan,KAZ,2015,70.7265
Kazakhstan,KAZ,2016,70.8984
Kazakhstan,KAZ,2017,71.3958
Kazakhstan,KAZ,2018,71.4717
Kazakhstan,KAZ,2019,71.5675
Kenya,KEN,2010,60.649
Kenya,KEN,2011,61.0458
Kenya,KEN,2012,61.1152
Kenya,KEN,2013,61.3891
Kenya,KEN,2014,61.8162
Kenya,KEN,2015,61.8922
Kenya,KEN,2016,62.1632
Kenya,KEN,2017,62.4808
Kenya,KEN,2018,62.6765
Kenya,KEN,2019,62.9432
Kiribati,KIR,2010,65.0161
Kiribati,KIR,2011,65.1901
Kiribati,KIR,2012,65.3776
Kiribati,KIR,2013,65.5884
Kiribati,KIR,2014,65.8147
Kiribati,KIR,2015,66.0589
Kiribati,KIR,2016,66.3316
Kiribati,KIR,2017,66.5965
Kiribati,KIR,2018,66.8545
Kiribati,KIR,2019,67.1497
Kosovo,OWID_KOS,2010,77.63
Kosovo,OWID_KOS,2011,77.7404
Kosovo,OWID_KOS,2012,78.2796
Kosovo,OWID_KOS,2013,78.587
Kosovo,OWID_KOS,2014,78.8801
Kosovo,OWID_KOS,2015,78.9219
Kosovo,OWID_KOS,2016,78.9809
Kosovo,OWID_KOS,2017,78.7832
Kosovo,OWID_KOS,2018,78.6959
Kosovo,OWID_KOS,2019,79.0221
Kuwait,KWT,2010,77.9817
Kuwait,KWT,2011,78.4636
Kuwait,KWT,2012,78.8118
Kuwait,KWT,2013,79.1641
Kuwait,KWT,2014,79.4449
Kuwait,KWT,2015,79.5624
Kuwait,KWT,2016,79.7011
Kuwait,KWT,2017,79.7806
Kuwait,KWT,2018,79.7217
Kuwait,KWT,2019,79.685
Kyrgyzstan,KGZ,2010,68.254
Kyrgyzstan,KGZ,2011,68.5778
Kyrgyzstan,KGZ,2012,68.9933
Kyrgyzstan,KGZ,2013,69.2173
Kyrgyzstan,KGZ,2014,69.8862
Kyrgyzstan,KGZ,2015,69.9963
Kyrgyzstan,KGZ,2016,70.2761
Kyrgyzstan,KGZ,2017,70.5877
Kyrgyzstan,KGZ,2018,70.728
Kyrgyzstan,KGZ,2019,71.2301
Laos,LAO,2010,63.9731
Laos,LAO,2011,64.7362
Laos,LAO,2012,65.3554
Laos,LAO,2013,65.7182
Laos,LAO,2014,66.3605
Laos,LAO,2015,66.67
Laos,LAO,2016,67.1667
Laos,LAO,2017,67.4344
Laos,LAO,2018,67.6341
Laos,LAO,2019,68.1382
Latvia,LVA,2010,72.9538
Latvia,LVA,2011,73.6934
Latvia,LVA,2012,73.7447
Latvia,LVA,2013,74.1825
Latvia,LVA,2014,74.4319
Latvia,LVA,2015,74.6854
Latvia,LVA,2016,74.7535
Latvia,LVA,2017,74.8054
Latvia,LVA,2018,75.0012
Latvia,LVA,2019,75.5337
Lebanon,LBN,2010,78.1559
Lebanon,LBN,2011,78.4036
Lebanon,LBN,2012,78.6284
Lebanon,LBN,2013,78.7652
Lebanon,LBN,2014,78.9727
Lebanon,LBN,2015,79.2294
Lebanon,LBN,2016,79.5054
Lebanon,LBN,2017,79.6543
Lebanon,LBN,2018,79.729
Lebanon,LBN,2019,79.2359
Lesotho,LSO,2010,45.5955
Lesotho,LSO,2011,46.6919
Lesotho,LSO,2012,47.8354
Lesotho,LSO,2013,49.0024
Lesotho,LSO,2014,50.0327
Lesotho,LSO,2015,51.1014
Lesotho,LSO,2016,52.2641
Lesotho,LSO,2017,53.0636
Lesotho,LSO,2018,53.733
Lesotho,LSO,2019,54.1726
Liberia,LBR,2010,59.4331
Liberia,LBR,2011,59.6198
Liberia,LBR,2012,59.9128
Liberia,LBR,2013,59.9426
Liberia,LBR,2014,59.1208
Liberia,LBR,2015,59.1485
Liberia,LBR,2016,60.4162
Liberia,LBR,2017,60.5535
Liberia,LBR,2018,60.8532
Liberia,LBR,2019,61.1044
Libya,LBY,2010,72.3741
Libya,LBY,2011,70.0707
Libya,LBY,2012,72.2473
Libya,LBY,2013,72.3397
Libya,LBY,2014,71.5114
Libya,LBY,2015,71.6982
Libya,LBY,2016,71.756
Libya,LBY,2017,72.4818
Libya,LBY,2018,72.7938
Libya,LBY,2019,72.4634
Liechtenstein,LIE,2010,81.9987
Liechtenstein,LIE,2011,81.9326
Liechtenstein,LIE,2012,82.4981
Liechtenstein,LIE,2013,82.425
Liechtenstein,LIE,2014,82.2187
Liechtenstein,LIE,2015,82.8061
Liechtenstein,LIE,2016,82.3932
Liechtenstein,LIE,2017,83.8916
Liechtenstein,LIE,2018,83.1462
Liechtenstein,LIE,2019,84.3094
Lithuania,LTU,2010,73.4236
Lithuania,LTU,2011,73.9256
Lithuania,LTU,2012,74.2029
Lithuania,LTU,2013,74.3116
Lithuania,LTU,2014,74.8426
Lithuania,LTU,2015,74.6103
Lithuania,LTU,2016,74.8816
Lithuania,LTU,2017,75.4399
Lithuania,LTU,2018,75.6767
Lithuania,LTU,2019,76.2119
Luxembourg,LUX,2010,80.5731
Luxembourg,LUX,2011,80.7663
Luxembourg,LUX,2012,80.9818
Luxembourg,LUX,2013,81.3663
Luxembourg,LUX,2014,81.7343
Luxembourg,LUX,2015,81.8384
Luxembourg,LUX,2016,82.0535
Luxembourg,LUX,2017,81.734
Luxembourg,LUX,2018,81.8035
Luxembourg,LUX,2019,82.1434
Macao,MAC,2010,83.1091
Macao,MAC,2011,83.2289
Macao,MAC,2012,83.3259
Macao,MAC,2013,83.7266
Macao,MAC,2014,83.8835
Macao,MAC,2015,83.9837
Macao,MAC,2016,84.2311
Macao,MAC,2017,84.5627
Macao,MAC,2018,84.9285
Macao,MAC,2019,84.9779
Madagascar,MDG,2010,62.8729
Madagascar,MDG,2011,63.4942
Madagascar,MDG,2012,63.5436
Madagascar,MDG,2013,63.9616
Madagascar,MDG,2014,64.2553
Madagascar,MDG,2015,64.339
Madagascar,MDG,2016,64.9969
Madagascar,MDG,2017,65.0938
Madagascar,MDG,2018,65.2697
Madagascar,MDG,2019,65.8821
Malawi,MWI,2010,56.3806
Malawi,MWI,2011,57.4547
Malawi,MWI,2012,58.6786
Malawi,MWI,2013,59.7288
Malawi,MWI,2014,60.8991
Malawi,MWI,2015,61.3781
Malawi,MWI,2016,62.2093
Malawi,MWI,2017,62.9769
Malawi,MWI,2018,63.2758
Malawi,MWI,2019,64.1188
Malaysia,MYS,2010,74.4423
Malaysia,MYS,2011,74.7459
Malaysia,MYS,2012,74.944
Malaysia,MYS,2013,75.0348
Malaysia,MYS,2014,75.1459
Malaysia,MYS,2015,75.0942
Malaysia,MYS,2016,75.2888
Malaysia,MYS,2017,75.4763
Malaysia,MYS,2018,75.6444
Malaysia,MYS,2019,75.7603
Maldives,MDV,2010,77.6573
Maldives,MDV,2011,78.1245
Maldives,MDV,2012,78.6822
Maldives,MDV,2013,79.0566
Maldives,MDV,2014,79.424
Maldives,MDV,2015,79.6953
Maldives,MDV,2016,79.872
Maldives,MDV,2017,79.9429
Maldives,MDV,2018,80.0132
Maldives,MDV,2019,80.116
Mali,MLI,2010,56.3817
Mali,MLI,2011,56.7553
Mali,MLI,2012,57.0792
Mali,MLI,2013,57.3567
Mali,MLI,2014,57.9003
Mali,MLI,2015,58.3632
Mali,MLI,2016,58.7313
Mali,MLI,2017,59.1322
Mali,MLI,2018,59.3934
Mali,MLI,2019,59.6637
Malta,MLT,2010,81.8134
Malta,MLT,2011,81.1465
Malta,MLT,2012,81.3905
Malta,MLT,2013,82.0149
Malta,MLT,2014,82.7362
Malta,MLT,2015,82.9621
Malta,MLT,2016,83.1107
Malta,MLT,2017,83.5867
Malta,MLT,2018,83.3448
Malta,MLT,2019,83.2065
Marshall Islands,MHL,2010,63.2261
Marshall Islands,MHL,2011,63.2558
Marshall Islands,MHL,2012,63.3733
Marshall Islands,MHL,2013,63.4642
Marshall Islands,MHL,2014,63.6229
Marshall Islands,MHL,2015,63.8274
Marshall Islands,MHL,2016,64.0569
Marshall Islands,MHL,2017,64.2696
Marshall Islands,MHL,2018,64.5001
Marshall Islands,MHL,2019,64.7458
Martinique,MTQ,2010,81.5931
Martinique,MTQ,2011,82.1251
Martinique,MTQ,2012,82.2238
Martinique,MTQ,2013,82.4445
Martinique,MTQ,2014,82.3074
Martinique,MTQ,2015,82.2238
Martinique,MTQ,2016,82.1944
Martinique,MTQ,2017,82.294
Martinique,MTQ,2018,82.5804
Martinique,MTQ,2019,82.7784
Mauritania,MRT,2010,63.1049
Mauritania,MRT,2011,63.3456
Mauritania,MRT,2012,63.5779
Mauritania,MRT,2013,63.9106
Mauritania,MRT,2014,64.1546
Mauritania,MRT,2015,64.4847
Mauritania,MRT,2016,64.7679
Mauritania,MRT,2017,65.0827
Mauritania,MRT,2018,65.31
Mauritania,MRT,2019,65.6869
Mauritius,MUS,2010,73.9987
Mauritius,MUS,2011,74.2406
Mauritius,MUS,2012,74.368
Mauritius,MUS,2013,74.7117
Mauritius,MUS,2014,74.8523
Mauritius,MUS,2015,74.9754
Mauritius,MUS,2016,75.0114
Mauritius,MUS,2017,74.8812
Mauritius,MUS,2018,74.9194
Mauritius,MUS,2019,75.1179
Mayotte,MYT,2010,77.3114
Mayotte,MYT,2011,77.5359
Mayotte,MYT,2012,77.6962
Mayotte,MYT,2013,77.6949
Mayotte,MYT,2014,77.5947
Mayotte,MYT,2015,77.4174
Mayotte,MYT,2016,77.3657
Mayotte,MYT,2017,77.3442
Mayotte,MYT,2018,77.1651
Mayotte,MYT,2019,77.1533
Mexico,MEX,2010,74.1901
Mexico,MEX,2011,74.3651
Mexico,MEX,2012,74.574
Mexico,MEX,2013,74.7391
Mexico,MEX,2014,74.7974
Mexico,MEX,2015,74.6822
Mexico,MEX,2016,74.4122
Mexico,MEX,2017,74.1378
Mexico,MEX,2018,74.0146
Mexico,MEX,2019,74.2021
Micronesia (country),FSM,2010,71.2328
Micronesia (country),FSM,2011,71.318
Micronesia (country),FSM,2012,71.3981
Micronesia (country),FSM,2013,71.4985
Micronesia (country),FSM,2014,71.5287
Micronesia (country),FSM,2015,71.4079
Micronesia (country),FSM,2016,71.5954
Micronesia (country),FSM,2017,71.4666
Micronesia (country),FSM,2018,71.3183
Micronesia (country),FSM,2019,71.0771
Moldova,MDA,2010,69.3569
Moldova,MDA,2011,69.1919
Moldova,MDA,2012,69.1431
Moldova,MDA,2013,69.0988
Moldova,MDA,2014,69.0307
Moldova,MDA,2015,69.2396
Moldova,MDA,2016,69.9169
Moldova,MDA,2017,70.5155
Moldova,MDA,2018,70.4916
Moldova,MDA,2019,70.9351
Monaco,MCO,2010,84.6304
Monaco,MCO,2011,85.6032
Monaco,MCO,2012,84.5293
Monaco,MCO,2013,84.8656
Monaco,MCO,2014,84.8804
Monaco,MCO,2015,85.2585
Monaco,MCO,2016,85.7228
Monaco,MCO,2017,85.6525
Monaco,MCO,2018,86.4643
Monaco,MCO,2019,86.5424
Mongolia,MNG,2010,67.1822
Mongolia,MNG,2011,67.4393
Mongolia,MNG,2012,68.1114
Mongolia,MNG,2013,68.5854
Mongolia,MNG,2014,69.0472
Mongolia,MNG,2015,69.4977
Mongolia,MNG,2016,69.8647
Mongolia,MNG,2017,70.2375
Mongolia,MNG,2018,71.1992
Mongolia,MNG,2019,71.8221
Montenegro,MNE,2010,76.1387
Montenegro,MNE,2011,76.0684
Montenegro,MNE,2012,76.3268
Montenegro,MNE,2013,76.6085
Montenegro,MNE,2014,76.7465
Montenegro,MNE,2015,76.7561
Montenegro,MNE,2016,76.7462
Montenegro,MNE,2017,76.9388
Montenegro,MNE,2018,77.1595
Montenegro,MNE,2019,77.0396
Montserrat,MSR,2010,74.2685
Montserrat,MSR,2011,74.4251
Montserrat,MSR,2012,74.5817
Montserrat,MSR,2013,74.7445
Montserrat,MSR,2014,74.8965
Montserrat,MSR,2015,74.9794
Montserrat,MSR,2016,75.0895
Montserrat,MSR,2017,75.2163
Montserrat,MSR,2018,75.219
Montserrat,MSR,2019,75.3816
Morocco,MAR,2010,70.8288
Morocco,MAR,2011,71.2691
Morocco,MAR,2012,71.6789
Morocco,MAR,2013,72.1223
Morocco,MAR,2014,72.5377
Morocco,MAR,2015,72.9197
Morocco,MAR,2016,73.284
Morocco,MAR,2017,73.6603
Morocco,MAR,2018,73.9863
Morocco,MAR,2019,74.2705
Mozambique,MOZ,2010,54.1984
Mozambique,MOZ,2011,54.869
Mozambique,MOZ,2012,55.6387
Mozambique,MOZ,2013,56.4919
Mozambique,MOZ,2014,57.2742
Mozambique,MOZ,2015,58.1509
Mozambique,MOZ,2016,59.038
Mozambique,MOZ,2017,59.7709
Mozambique,MOZ,2018,60.5261
Mozambique,MOZ,2019,61.1662
Myanmar,MMR,2010,63.3294
Myanmar,MMR,2011,63.9007
Myanmar,MMR,2012,64.1412
Myanmar,MMR,2013,64.8148
Myanmar,MMR,2014,65.0563
Myanmar,MMR,2015,65.5613
Myanmar,MMR,2016,65.685
Myanmar,MMR,2017,65.843
Myanmar,MMR,2018,66.4646
Myanmar,MMR,2019,66.6104
Namibia,NAM,2010,56.0153
Namibia,NAM,2011,56.553
Namibia,NAM,2012,57.64
Namibia,NAM,2013,58.6938
Namibia,NAM,2014,59.8217
Namibia,NAM,2015,60.7002
Namibia,NAM,2016,61.6825
Namibia,NAM,2017,62.2931
Namibia,NAM,2018,62.5859
Namibia,NAM,2019,63.075
Nauru,NRU,2010,59.6402
Nauru,NRU,2011,60.2398
Nauru,NRU,2012,60.7152
Nauru,NRU,2013,61.2314
Nauru,NRU,2014,61.8074
Nauru,NRU,2015,62.269
Nauru,NRU,2016,62.7018
Nauru,NRU,2017,62.988
Nauru,NRU,2018,63.2337
Nauru,NRU,2019,63.4845
Nepal,NPL,2010,66.8138
Nepal,NPL,2011,67.313
Nepal,NPL,2012,67.47
Nepal,NPL,2013,67.9651
Nepal,NPL,2014,68.0855
Nepal,NPL,2015,67.4562
Nepal,NPL,2016,68.7758
Nepal,NPL,2017,68.9099
Nepal,NPL,2018,68.9786
Nepal,NPL,2019,69.5576
Netherlands,NLD,2010,80.8186
Netherlands,NLD,2011,81.0999
Netherlands,NLD,2012,81.0495
Netherlands,NLD,2013,81.2919
Netherlands,NLD,2014,81.6425
Netherlands,NLD,2015,81.4821
Netherlands,NLD,2016,81.547
Netherlands,NLD,2017,81.7291
Netherlands,NLD,2018,81.7741
Netherlands,NLD,2019,82.0455
New Caledonia,NCL,2010,78.2054
New Caledonia,NCL,2011,78.6914
New Caledonia,NCL,2012,79.173
New Caledonia,NCL,2013,79.632
New Caledonia,NCL,2014,79.164
New Caledonia,NCL,2015,78.5586
New Caledonia,NCL,2016,79.0211
New Caledonia,NCL,2017,79.483
New Caledonia,NCL,2018,79.938
New Caledonia,NCL,2019,80.386
New Zealand,NZL,2010,81.1019
New Zealand,NZL,2011,80.8863
New Zealand,NZL,2012,81.2089
New Zealand,NZL,2013,81.6518
New Zealand,NZL,2014,81.7921
New Zealand,NZL,2015,81.9765
New Zealand,NZL,2016,82.07
New Zealand,NZL,2017,82.2189
New Zealand,NZL,2018,82.3803
New Zealand,NZL,2019,82.5665
Nicaragua,NIC,2010,72.009
Nicaragua,NIC,2011,72.4162
Nicaragua,NIC,2012,72.6148
Nicaragua,NIC,2013,72.7044
Nicaragua,NIC,2014,72.8121
Nicaragua,NIC,2015,72.983
Nicaragua,NIC,2016,73.2562
Nicaragua,NIC,2017,73.5536
Nicaragua,NIC,2018,73.8497
Nicaragua,NIC,2019,74.0543
Niger,NER,2010,58.3668
Niger,NER,2011,58.9941
Niger,NER,2012,59.6498
Niger,NER,2013,60.239
Niger,NER,2014,60.786
Niger,NER,2015,61.0827
Niger,NER,2016,61.6288
Niger,NER,2017,62.1599
Niger,NER,2018,62.4544
Niger,NER,2019,62.8967
Nigeria,NGA,2010,50.9448
Nigeria,NGA,2011,51.3573
Nigeria,NGA,2012,51.4973
Nigeria,NGA,2013,51.7068
Nigeria,NGA,2014,51.7911
Nigeria,NGA,2015,51.8413
Nigeria,NGA,2016,52.0427
Nigeria,NGA,2017,52.3052
Nigeria,NGA,2018,52.5536
Nigeria,NGA,2019,52.9104
Niue,NIU,2010,68.4125
Niue,NIU,2011,68.9003
Niue,NIU,2012,69.2643
Niue,NIU,2013,69.5907
Niue,NIU,2014,69.8791
Niue,NIU,2015,70.134
Niue,NIU,2016,70.3281
Niue,NIU,2017,70.4903
Niue,NIU,2018,70.6162
Niue,NIU,2019,70.7401
North Korea,PRK,2010,70.4187
North Korea,PRK,2011,70.9778
North Korea,PRK,2012,71.6261
North Korea,PRK,2013,72.3189
North Korea,PRK,2014,72.9423
North Korea,PRK,2015,72.7844
North Korea,PRK,2016,72.8045
North Korea,PRK,2017,72.9778
North Korea,PRK,2018,73.0309
North Korea,PRK,2019,73.1985
North Macedonia,MKD,2010,75.1187
North Macedonia,MKD,2011,75.1869
North Macedonia,MKD,2012,75.1399
North Macedonia,MKD,2013,75.8657
North Macedonia,MKD,2014,75.9347
North Macedonia,MKD,2015,75.9814
North Macedonia,MKD,2016,76.0296
North Macedonia,MKD,2017,76.4766
North Macedonia,MKD,2018,77.3142
North Macedonia,MKD,2019,77.2928
Northern Mariana Islands,MNP,2010,77.4287
Northern Mariana Islands,MNP,2011,77.2852
Northern Mariana Islands,MNP,2012,77.0893
Northern Mariana Islands,MNP,2013,76.9828
Northern Mariana Islands,MNP,2014,76.8918
Northern Mariana Islands,MNP,2015,76.8143
Northern Mariana Islands,MNP,2016,76.7804
Northern Mariana Islands,MNP,2017,76.8433
Northern Mariana Islands,MNP,2018,76.8258
Northern Mariana Islands,MNP,2019,77.0532
Norway,NOR,2010,81.0401
Norway,NOR,2011,81.243
Norway,NOR,2012,81.4437
Norway,NOR,2013,81.6666
Norway,NOR,2014,82.0859
Norway,NOR,2015,82.2718
Norway,NOR,2016,82.4147
Norway,NOR,2017,82.624
Norway,NOR,2018,82.7605
Norway,NOR,2019,82.9552
Oman,OMN,2010,76.2695
Oman,OMN,2011,76.6075
Oman,OMN,2012,77.0607
Oman,OMN,2013,77.2465
Oman,OMN,2014,77.4462
Oman,OMN,2015,77.6869
Oman,OMN,2016,77.9158
Oman,OMN,2017,77.9243
Oman,OMN,2018,77.9659
Oman,OMN,2019,78.0022
Pakistan,PAK,2010,64.4361
Pakistan,PAK,2011,64.6482
Pakistan,PAK,2012,64.7823
Pakistan,PAK,2013,65.1495
Pakistan,PAK,2014,65.2842
Pakistan,PAK,2015,65.6971
Pakistan,PAK,2016,65.8797
Pakistan,PAK,2017,66.2972
Pakistan,PAK,2018,66.482
Pakistan,PAK,2019,66.7558
Palau,PLW,2010,65.5975
Palau,PLW,2011,65.1546
Palau,PLW,2012,64.7077
Palau,PLW,2013,64.227
Palau,PLW,2014,63.8575
Palau,PLW,2015,63.7461
Palau,PLW,2016,63.8521
Palau,PLW,2017,64.0828
Palau,PLW,2018,64.3886
Palau,PLW,2019,64.8043
Palestine,PSE,2010,73.0045
Palestine,PSE,2011,73.2429
Palestine,PSE,2012,73.4665
Palestine,PSE,2013,74.0292
Palestine,PSE,2014,72.6221
Palestine,PSE,2015,74.4057
Palestine,PSE,2016,74.5544
Palestine,PSE,2017,74.8329
Palestine,PSE,2018,74.793
Palestine,PSE,2019,75.2406
Panama,PAN,2010,76.4479
Panama,PAN,2011,76.6269
Panama,PAN,2012,76.8185
Panama,PAN,2013,77.0378
Panama,PAN,2014,77.2478
Panama,PAN,2015,77.4684
Panama,PAN,2016,77.6529
Panama,PAN,2017,77.7954
Panama,PAN,2018,77.8629
Panama,PAN,2019,77.8103
Papua New Guinea,PNG,2010,63.0395
Papua New Guinea,PNG,2011,63.5259
Papua New Guinea,PNG,2012,63.7325
Papua New Guinea,PNG,2013,63.9611
Papua New Guinea,PNG,2014,64.2589
Papua New Guinea,PNG,2015,64.7006
Papua New Guinea,PNG,2016,64.8399
Papua New Guinea,PNG,2017,65.1028
Papua New Guinea,PNG,2018,65.1822
Papua New Guinea,PNG,2019,65.4738
Paraguay,PRY,2010,71.8872
Paraguay,PRY,2011,72.1314
Paraguay,PRY,2012,72.4536
Paraguay,PRY,2013,72.7568
Paraguay,PRY,2014,72.8777
Paraguay,PRY,2015,73.1905
Paraguay,PRY,2016,73.5336
Paraguay,PRY,2017,73.6436
Paraguay,PRY,2018,73.5676
Paraguay,PRY,2019,73.6207
Peru,PER,2010,73.7106
Peru,PER,2011,74.1327
Peru,PER,2012,74.544
Peru,PER,2013,74.9668
Peru,PER,2014,75.3334
Peru,PER,2015,75.6206
Peru,PER,2016,75.789
Peru,PER,2017,75.879
Peru,PER,2018,76.0089
Peru,PER,2019,76.1559
Philippines,PHL,2010,70.7542
Philippines,PHL,2011,70.7881
Philippines,PHL,2012,70.8813
Philippines,PHL,2013,70.8349
Philippines,PHL,2014,71.151
Philippines,PHL,2015,71.2684
Philippines,PHL,2016,71.3871
Philippines,PHL,2017,71.5156
Philippines,PHL,2018,71.689
Philippines,PHL,2019,71.8649
Poland,POL,2010,76.3175
Poland,POL,2011,76.6506
Poland,POL,2012,76.7138
Poland,POL,2013,76.9705
Poland,POL,2014,77.5691
Poland,POL,2015,77.4151
Poland,POL,2016,77.8025
Poland,POL,2017,77.7205
Poland,POL,2018,77.6282
Poland,POL,2019,77.9272
Portugal,PRT,2010,80.035
Portugal,PRT,2011,80.4971
Portugal,PRT,2012,80.4784
Portugal,PRT,2013,80.8172
Portugal,PRT,2014,81.2157
Portugal,PRT,2015,81.2093
Portugal,PRT,2016,81.2324
Portugal,PRT,2017,81.498
Portugal,PRT,2018,81.3947
Portugal,PRT,2019,81.7007
Puerto Rico,PRI,2010,78.01
Puerto Rico,PRI,2011,78.3164
Puerto Rico,PRI,2012,78.4612
Puerto Rico,PRI,2013,78.777
Puerto Rico,PRI,2014,78.9289
Puerto Rico,PRI,2015,79.695
Puerto Rico,PRI,2016,80.2705
Puerto Rico,PRI,2017,79.2576
Puerto Rico,PRI,2018,79.7698
Puerto Rico,PRI,2019,79.0628
Qatar,QAT,2010,78.4251
Qatar,QAT,2011,78.8911
Qatar,QAT,2012,79.2265
Qatar,QAT,2013,79.5364
Qatar,QAT,2014,79.7677
Qatar,QAT,2015,80.0639
Qatar,QAT,2016,80.4335
Qatar,QAT,2017,80.7171
Qatar,QAT,2018,80.8982
Qatar,QAT,2019,80.9897
Reunion,REU,2010,79.8905
Reunion,REU,2011,80.348
Reunion,REU,2012,80.7326
Reunion,REU,2013,80.8512
Reunion,REU,2014,81.0243
Reunion,REU,2015,81.2285
Reunion,REU,2016,81.5031
Reunion,REU,2017,81.7273
Reunion,REU,2018,81.7661
Reunion,REU,2019,82.0621
Romania,ROU,2010,73.9959
Romania,ROU,2011,74.4314
Romania,ROU,2012,74.3908
Romania,ROU,2013,74.9756
Romania,ROU,2014,74.9279
Romania,ROU,2015,74.7901
Romania,ROU,2016,75.2458
Romania,ROU,2017,75.9519
Romania,ROU,2018,76.1546
Romania,ROU,2019,76.5079
Russia,RUS,2010,69.386
Russia,RUS,2011,70.3981
Russia,RUS,2012,70.7695
Russia,RUS,2013,71.3025
Russia,RUS,2014,71.5664
Russia,RUS,2015,72.1006
Russia,RUS,2016,72.6609
Russia,RUS,2017,73.3743
Russia,RUS,2018,73.5306
Russia,RUS,2019,73.9332
Rwanda,RWA,2010,62.5397
Rwanda,RWA,2011,63.2615
Rwanda,RWA,2012,64.0094
Rwanda,RWA,2013,64.4257
Rwanda,RWA,2014,64.9401
Rwanda,RWA,2015,65.2977
Rwanda,RWA,2016,65.7373
Rwanda,RWA,2017,65.9409
Rwanda,RWA,2018,66.2505
Rwanda,RWA,2019,66.437
Saint Barthelemy,BLM,2010,78.5143
Saint Barthelemy,BLM,2011,78.6827
Saint Barthelemy,BLM,2012,80.0055
Saint Barthelemy,BLM,2013,79.105
Saint Barthelemy,BLM,2014,79.3155
Saint Barthelemy,BLM,2015,79.4823
Saint Barthelemy,BLM,2016,79.6338
Saint Barthelemy,BLM,2017,78.4512
Saint Barthelemy,BLM,2018,79.9223
Saint Barthelemy,BLM,2019,80.0664
Saint Helena,SHN,2010,76.5035
Saint Helena,SHN,2011,76.5656
Saint Helena,SHN,2012,76.2257
Saint Helena,SHN,2013,76.2367
Saint Helena,SHN,2014,75.5595
Saint Helena,SHN,2015,75.1757
Saint Helena,SHN,2016,75.8071
Saint Helena,SHN,2017,76.3122
Saint Helena,SHN,2018,76.3699
Saint Helena,SHN,2019,76.7204
Saint Kitts and Nevis,KNA,2010,71.2705
Saint Kitts and Nevis,KNA,2011,71.5378
Saint Kitts and Nevis,KNA,2012,71.669
Saint Kitts and Nevis,KNA,2013,71.457
Saint Kitts and Nevis,KNA,2014,70.9659
Saint Kitts and Nevis,KNA,2015,70.763
Saint Kitts and Nevis,KNA,2016,71.7405
Saint Kitts and Nevis,KNA,2017,71.8399
Saint Kitts and Nevis,KNA,2018,71.4671
Saint Kitts and Nevis,KNA,2019,71.5717
Saint Lucia,LCA,2010,72.7196
Saint Lucia,LCA,2011,72.944
Saint Lucia,LCA,2012,72.8821
Saint Lucia,LCA,2013,72.7353
Saint Lucia,LCA,2014,72.8638
Saint Lucia,LCA,2015,73.1381
Saint Lucia,LCA,2016,73.1116
Saint Lucia,LCA,2017,73.1275
Saint Lucia,LCA,2018,73.3569
Saint Lucia,LCA,2019,73.4449
Saint Martin (French part),MAF,2010,78.4058
Saint Martin (French part),MAF,2011,78.827
Saint Martin (French part),MAF,2012,79.0218
Saint Martin (French part),MAF,2013,78.9083
Saint Martin (French part),MAF,2014,79.9664
Saint Martin (French part),MAF,2015,79.3093
Saint Martin (French part),MAF,2016,79.4752
Saint Martin (French part),MAF,2017,78.5898
Saint Martin (French part),MAF,2018,80.6137
Saint Martin (French part),MAF,2019,79.9834
Saint Pierre and Miquelon,SPM,2010,76.7609
Saint Pierre and Miquelon,SPM,2011,76.7971
Saint Pierre and Miquelon,SPM,2012,76.8379
Saint Pierre and Miquelon,SPM,2013,76.8728
Saint Pierre and Miquelon,SPM,2014,76.8607
Saint Pierre and Miquelon,SPM,2015,76.8499
Saint Pierre and Miquelon,SPM,2016,77.0677
Saint Pierre and Miquelon,SPM,2017,77.0757
Saint Pierre and Miquelon,SPM,2018,77.0962
Saint Pierre and Miquelon,SPM,2019,77.1057
Saint Vincent and the Grenadines,VCT,2010,74.7184
Saint Vincent and the Grenadines,VCT,2011,74.5958
Saint Vincent and the Grenadines,VCT,2012,74.1463
Saint Vincent and the Grenadines,VCT,2013,73.7976
Saint Vincent and the Grenadines,VCT,2014,74.473
Saint Vincent and the Grenadines,VCT,2015,74.4071
Saint Vincent and the Grenadines,VCT,2016,74.2799
Saint Vincent and the Grenadines,VCT,2017,74.3052
Saint Vincent and the Grenadines,VCT,2018,74.1279
Saint Vincent and the Grenadines,VCT,2019,72.8347
Samoa,WSM,2010,72.2488
Samoa,WSM,2011,72.2598
Samoa,WSM,2012,72.1668
Samoa,WSM,2013,72.3915
Samoa,WSM,2014,72.4628
Samoa,WSM,2015,72.5146
Samoa,WSM,2016,72.5397
Samoa,WSM,2017,72.59
Samoa,WSM,2018,72.6358
Samoa,WSM,2019,72.1572
San Marino,SMR,2010,82.6838
San Marino,SMR,2011,82.7619
San Marino,SMR,2012,82.575
San Marino,SMR,2013,82.3913
San Marino,SMR,2014,82.8949
San Marino,SMR,2015,82.927
San Marino,SMR,2016,82.9726
San Marino,SMR,2017,82.9161
San Marino,SMR,2018,82.9479
San Marino,SMR,2019,82.9863
Sao Tome and Principe,STP,2010,65.2486
Sao Tome and Principe,STP,2011,64.9017
Sao Tome and Principe,STP,2012,65.7457
Sao Tome and Principe,STP,2013,66.3275
Sao Tome and Principe,STP,2014,66.8452
Sao Tome and Principe,STP,2015,67.2491
Sao Tome and Principe,STP,2016,67.4917
Sao Tome and Principe,STP,2017,68.2666
Sao Tome and Principe,STP,2018,68.3549
Sao Tome and Principe,STP,2019,68.5231
Saudi Arabia,SAU,2010,75.7629
Saudi Arabia,SAU,2011,76.234
Saudi Arabia,SAU,2012,76.4611
Saudi Arabia,SAU,2013,76.6257
Saudi Arabia,SAU,2014,76.7573
Saudi Arabia,SAU,2015,76.9185
Saudi Arabia,SAU,2016,77.0643
Saudi Arabia,SAU,2017,77.1605
Saudi Arabia,SAU,2018,77.2115
Saudi Arabia,SAU,2019,77.3036
Senegal,SEN,2010,64.6154
Senegal,SEN,2011,65.262
Senegal,SEN,2012,65.4567
Senegal,SEN,2013,66.0719
Senegal,SEN,2014,66.4519
Senegal,SEN,2015,66.8794
Senegal,SEN,2016,67.4969
Senegal,SEN,2017,67.7503
Senegal,SEN,2018,68.0966
Senegal,SEN,2019,68.5258
Serbia,SRB,2010,74.3753
Serbia,SRB,2011,74.7717
Serbia,SRB,2012,75.1062
Serbia,SRB,2013,75.605
Serbia,SRB,2014,75.7234
Serbia,SRB,2015,75.8172
Serbia,SRB,2016,76.2609
Serbia,SRB,2017,76.213
Serbia,SRB,2018,76.5115
Serbia,SRB,2019,76.704
Seychelles,SYC,2010,72.9703
Seychelles,SYC,2011,73.7537
Seychelles,SYC,2012,73.6428
Seychelles,SYC,2013,73.7807
Seychelles,SYC,2014,73.7495
Seychelles,SYC,2015,73.6979
Seychelles,SYC,2016,73.6425
Seychelles,SYC,2017,73.8027
Seychelles,SYC,2018,73.9529
Seychelles,SYC,2019,74.169
Sierra Leone,SLE,2010,53.6932
Sierra Leone,SLE,2011,54.6198
Sierra Leone,SLE,2012,55.451
Sierra Leone,SLE,2013,56.3132
Sierra Leone,SLE,2014,56.3933
Sierra Leone,SLE,2015,57.189
Sierra Leone,SLE,2016,58.4045
Sierra Leone,SLE,2017,58.6517
Sierra Leone,SLE,2018,59.7959
Sierra Leone,SLE,2019,60.2549
Singapore,SGP,2010,81.691
Singapore,SGP,2011,81.9745
Singapore,SGP,2012,82.2434
Singapore,SGP,2013,82.5157
Singapore,SGP,2014,82.6524
Singapore,SGP,2015,82.8265
Singapore,SGP,2016,83.0001
Singapore,SGP,2017,83.2236
Singapore,SGP,2018,83.4576
Singapore,SGP,2019,83.7584
Sint Maarten (Dutch part),SXM,2010,75.132
Sint Maarten (Dutch part),SXM,2011,74.6838
Sint Maarten (Dutch part),SXM,2012,74.6078
Sint Maarten (Dutch part),SXM,2013,74.917
Sint Maarten (Dutch part),SXM,2014,76.7731
Sint Maarten (Dutch part),SXM,2015,76.9538
Sint Maarten (Dutch part),SXM,2016,76.5978
Sint Maarten (Dutch part),SXM,2017,75.0297
Sint Maarten (Dutch part),SXM,2018,75.1311
Sint Maarten (Dutch part),SXM,2019,75.4366
Slovakia,SVK,2010,75.495
Slovakia,SVK,2011,76.0166
Slovakia,SVK,2012,76.1746
Slovakia,SVK,2013,76.5121
Slovakia,SVK,2014,76.847
Slovakia,SVK,2015,76.6493
Slovakia,SVK,2016,77.2146
Slovakia,SVK,2017,77.219
Slovakia,SVK,2018,77.264
Slovakia,SVK,2019,77.6851
Slovenia,SVN,2010,79.7039
Slovenia,SVN,2011,79.9905
Slovenia,SVN,2012,80.1284
Slovenia,SVN,2013,80.336
Slovenia,SVN,2014,80.9406
Slovenia,SVN,2015,80.8218
Slovenia,SVN,2016,81.1577
Slovenia,SVN,2017,81.0714
Slovenia,SVN,2018,81.3581
Slovenia,SVN,2019,81.6042
Solomon Islands,SLB,2010,68.7318
Solomon Islands,SLB,2011,68.908
Solomon Islands,SLB,2012,69.0839
Solomon Islands,SLB,2013,69.188
Solomon Islands,SLB,2014,69.2337
Solomon Islands,SLB,2015,69.5834
Solomon Islands,SLB,2016,69.8007
Solomon Islands,SLB,2017,69.9882
Solomon Islands,SLB,2018,70.1733
Solomon Islands,SLB,2019,70.3821
Somalia,SOM,2010,50.563
Somalia,SOM,2011,51.3045
Somalia,SOM,2012,53.1611
Somalia,SOM,2013,53.8433
Somalia,SOM,2014,54.2773
Somalia,SOM,2015,54.857
Somalia,SOM,2016,55.0444
Somalia,SOM,2017,55.6536
Somalia,SOM,2018,56.3754
Somalia,SOM,2019,57.0776
South Africa,ZAF,2010,58.8987
South Africa,ZAF,2011,60.6507
South Africa,ZAF,2012,61.8457
South Africa,ZAF,2013,62.5331
South Africa,ZAF,2014,63.3796
South Africa,ZAF,2015,63.9499
South Africa,ZAF,2016,64.7469
South Africa,ZAF,2017,65.402
South Africa,ZAF,2018,65.6743
South Africa,ZAF,2019,66.175
South Korea,KOR,2010,80.763
South Korea,KOR,2011,81.2098
South Korea,KOR,2012,81.3473
South Korea,KOR,2013,81.8637
South Korea,KOR,2014,82.3781
South Korea,KOR,2015,82.5605
South Korea,KOR,2016,82.9259
South Korea,KOR,2017,83.2855
South Korea,KOR,2018,83.3427
South Korea,KOR,2019,83.6557
South Sudan,SSD,2010,54.8118
South Sudan,SSD,2011,54.9396
South Sudan,SSD,2012,55.8651
South Sudan,SSD,2013,55.7509
South Sudan,SSD,2014,54.9727
South Sudan,SSD,2015,55.5665
South Sudan,SSD,2016,55.5437
South Sudan,SSD,2017,55.3094
South Sudan,SSD,2018,55.9495
South Sudan,SSD,2019,55.912
Spain,ESP,2010,82.0214
Spain,ESP,2011,82.1974
Spain,ESP,2012,82.2112
Spain,ESP,2013,82.7199
Spain,ESP,2014,82.858
Spain,ESP,2015,82.6464
Spain,ESP,2016,83.0411
Spain,ESP,2017,83.0295
Spain,ESP,2018,83.1436
Spain,ESP,2019,83.5321
Sri Lanka,LKA,2010,73.215
Sri Lanka,LKA,2011,73.38
Sri Lanka,LKA,2012,73.9058
Sri Lanka,LKA,2013,74.2388
Sri Lanka,LKA,2014,74.6508
Sri Lanka,LKA,2015,74.9275
Sri Lanka,LKA,2016,75.3314
Sri Lanka,LKA,2017,75.4035
Sri Lanka,LKA,2018,75.748
Sri Lanka,LKA,2019,76.0084
Sudan,SDN,2010,63.0161
Sudan,SDN,2011,63.2463
Sudan,SDN,2012,63.7922
Sudan,SDN,2013,63.6779
Sudan,SDN,2014,64.2691
Sudan,SDN,2015,64.6587
Sudan,SDN,2016,64.7801
Sudan,SDN,2017,65.4447
Sudan,SDN,2018,65.681
Sudan,SDN,2019,65.8755
Suriname,SUR,2010,69.8945
Suriname,SUR,2011,69.9141
Suriname,SUR,2012,69.7644
Suriname,SUR,2013,69.6816
Suriname,SUR,2014,69.7824
Suriname,SUR,2015,70.8003
Suriname,SUR,2016,71.5924
Suriname,SUR,2017,72.417
Suriname,SUR,2018,72.5532
Suriname,SUR,2019,72.2423
Sweden,SWE,2010,81.5187
Sweden,SWE,2011,81.7581
Sweden,SWE,2012,81.7296
Sweden,SWE,2013,81.9348
Sweden,SWE,2014,82.2233
Sweden,SWE,2015,82.1834
Sweden,SWE,2016,82.3391
Sweden,SWE,2017,82.4382
Sweden,SWE,2018,82.5326
Sweden,SWE,2019,83.0524
Switzerland,CHE,2010,82.2831
Switzerland,CHE,2011,82.5707
Switzerland,CHE,2012,82.6158
Switzerland,CHE,2013,82.6903
Switzerland,CHE,2014,83.0849
Switzerland,CHE,2015,82.8468
Switzerland,CHE,2016,83.4452
Switzerland,CHE,2017,83.4125
Switzerland,CHE,2018,83.5615
Switzerland,CHE,2019,83.7802
Syria,SYR,2010,73.8808
Syria,SYR,2011,73.3053
Syria,SYR,2012,66.7687
Syria,SYR,2013,63.8265
Syria,SYR,2014,63.1529
Syria,SYR,2015,65.1239
Syria,SYR,2016,65.9933
Syria,SYR,2017,68.4811
Syria,SYR,2018,70.145
Syria,SYR,2019,71.8224
Taiwan,TWN,2010,79.171
Taiwan,TWN,2011,78.9813
Taiwan,TWN,2012,79.2614
Taiwan,TWN,2013,79.734
Taiwan,TWN,2014,79.5875
Taiwan,TWN,2015,79.9471
Taiwan,TWN,2016,79.7716
Taiwan,TWN,2017,80.1316
Taiwan,TWN,2018,80.5344
Taiwan,TWN,2019,80.6505
Tajikistan,TJK,2010,67.742
Tajikistan,TJK,2011,68.1485
Tajikistan,TJK,2012,68.4841
Tajikistan,TJK,2013,68.8848
Tajikistan,TJK,2014,69.0693
Tajikistan,TJK,2015,69.3059
Tajikistan,TJK,2016,69.5493
Tajikistan,TJK,2017,69.9047
Tajikistan,TJK,2018,70.3532
Tajikistan,TJK,2019,70.8674
Tanzania,TZA,2010,60.1048
Tanzania,TZA,2011,61.0492
Tanzania,TZA,2012,62.0303
Tanzania,TZA,2013,62.9603
Tanzania,TZA,2014,63.8733
Tanzania,TZA,2015,64.6507
Tanzania,TZA,2016,65.3862
Tanzania,TZA,2017,65.9987
Tanzania,TZA,2018,66.5346
Tanzania,TZA,2019,66.9885
Thailand,THA,2010,76.1313
Thailand,THA,2011,76.4212
Thailand,THA,2012,76.7721
Thailand,THA,2013,77.0827
Thailand,THA,2014,77.4153
Thailand,THA,2015,77.7166
Thailand,THA,2016,78.0489
Thailand,THA,2017,78.3939
Thailand,THA,2018,78.6622
Thailand,THA,2019,78.9751
Togo,TGO,2010,57.3042
Togo,TGO,2011,57.9246
Togo,TGO,2012,58.073
Togo,TGO,2013,58.6841
Togo,TGO,2014,58.8534
Togo,TGO,2015,59.3958
Togo,TGO,2016,59.5501
Togo,TGO,2017,60.1544
Togo,TGO,2018,60.244
Togo,TGO,2019,60.9011
Tokelau,TKL,2010,73.8834
Tokelau,TKL,2011,74.0754
Tokelau,TKL,2012,74.2482
Tokelau,TKL,2013,74.4442
Tokelau,TKL,2014,74.6079
Tokelau,TKL,2015,74.7153
Tokelau,TKL,2016,74.8174
Tokelau,TKL,2017,74.8957
Tokelau,TKL,2018,74.9972
Tokelau,TKL,2019,75.0764
Tonga,TON,2010,70.3234
Tonga,TON,2011,70.3809
Tonga,TON,2012,70.442
Tonga,TON,2013,70.505
Tonga,TON,2014,70.5405
Tonga,TON,2015,70.607
Tonga,TON,2016,70.661
Tonga,TON,2017,70.7133
Tonga,TON,2018,70.7787
Tonga,TON,2019,70.8715
Trinidad and Tobago,TTO,2010,72.7254
Trinidad and Tobago,TTO,2011,73.2779
Trinidad and Tobago,TTO,2012,73.7159
Trinidad and Tobago,TTO,2013,73.9623
Trinidad and Tobago,TTO,2014,74.2152
Trinidad and Tobago,TTO,2015,74.5032
Trinidad and Tobago,TTO,2016,74.281
Trinidad and Tobago,TTO,2017,74.2301
Trinidad and Tobago,TTO,2018,73.8018
Trinidad and Tobago,TTO,2019,74.2279
Tunisia,TUN,2010,75.4206
Tunisia,TUN,2011,75.4595
Tunisia,TUN,2012,75.5498
Tunisia,TUN,2013,75.6502
Tunisia,TUN,2014,75.6497
Tunisia,TUN,2015,75.6919
Tunisia,TUN,2016,75.7861
Tunisia,TUN,2017,75.8448
Tunisia,TUN,2018,75.9501
Tunisia,TUN,2019,75.9933
Turkey,TUR,2010,75.0693
Turkey,TUR,2011,74.9406
Turkey,TUR,2012,75.678
Turkey,TUR,2013,76.2968
Turkey,TUR,2014,76.5648
Turkey,TUR,2015,76.646
Turkey,TUR,2016,76.6605
Turkey,TUR,2017,77.1408
Turkey,TUR,2018,77.5631
Turkey,TUR,2019,77.8318
Turkmenistan,TKM,2010,68.2933
Turkmenistan,TKM,2011,68.567
Turkmenistan,TKM,2012,68.7225
Turkmenistan,TKM,2013,68.7401
Turkmenistan,TKM,2014,68.6135
Turkmenistan,TKM,2015,68.7816
Turkmenistan,TKM,2016,68.7774
Turkmenistan,TKM,2017,68.9158
Turkmenistan,TKM,2018,68.7963
Turkmenistan,TKM,2019,69.0016
Turks and Caicos Islands,TCA,2010,76.2432
Turks and Caicos Islands,TCA,2011,76.1946
Turks and Caicos Islands,TCA,2012,77.0365
Turks and Caicos Islands,TCA,2013,77.018
Turks and Caicos Islands,TCA,2014,77.1349
Turks and Caicos Islands,TCA,2015,76.9124
Turks and Caicos Islands,TCA,2016,76.8644
Turks and Caicos Islands,TCA,2017,76.7019
Turks and Caicos Islands,TCA,2018,76.4432
Turks and Caicos Islands,TCA,2019,75.3258
Tuvalu,TUV,2010,63.9781
Tuvalu,TUV,2011,63.9735
Tuvalu,TUV,2012,63.9636
Tuvalu,TUV,2013,64.0076
Tuvalu,TUV,2014,64.0252
Tuvalu,TUV,2015,64.0598
Tuvalu,TUV,2016,64.1075
Tuvalu,TUV,2017,64.1478
Tuvalu,TUV,2018,64.2117
Tuvalu,TUV,2019,64.2775
Uganda,UGA,2010,57.0547
Uganda,UGA,2011,57.9651
Uganda,UGA,2012,58.8166
Uganda,UGA,2013,59.7628
Uganda,UGA,2014,60.4081
Uganda,UGA,2015,61.0856
Uganda,UGA,2016,61.6479
Uganda,UGA,2017,62.115
Uganda,UGA,2018,62.7139
Uganda,UGA,2019,62.9913
Ukraine,UKR,2010,70.6207
Ukraine,UKR,2011,71.3872
Ukraine,UKR,2012,71.6273
Ukraine,UKR,2013,71.8617
Ukraine,UKR,2014,72.5905
Ukraine,UKR,2015,73.4581
Ukraine,UKR,2016,74.3121
Ukraine,UKR,2017,74.7181
Ukraine,UKR,2018,74.4122
Ukraine,UKR,2019,74.5364
United Arab Emirates,ARE,2010,78.3335
United Arab Emirates,ARE,2011,78.5168
United Arab Emirates,ARE,2012,78.7155
United Arab Emirates,ARE,2013,78.8528
United Arab Emirates,ARE,2014,79.0442
United Arab Emirates,ARE,2015,79.2232
United Arab Emirates,ARE,2016,79.3347
United Arab Emirates,ARE,2017,79.5036
United Arab Emirates,ARE,2018,79.6274
United Arab Emirates,ARE,2019,79.7262
United Kingdom,GBR,2010,80.4008
United Kingdom,GBR,2011,80.8046
United Kingdom,GBR,2012,80.8659
United Kingdom,GBR,2013,80.9291
United Kingdom,GBR,2014,81.1602
United Kingdom,GBR,2015,80.9238
United Kingdom,GBR,2016,81.0747
United Kingdom,GBR,2017,81.1684
United Kingdom,GBR,2018,81.1254
United Kingdom,GBR,2019,81.725
United States,USA,2010,78.7724
United States,USA,2011,78.82
United States,USA,2012,78.9441
United States,USA,2013,78.9507
United States,USA,2014,79.0175
United States,USA,2015,78.8694
United States,USA,2016,78.8482
United States,USA,2017,78.8213
United States,USA,2018,78.9896
United States,USA,2019,79.138
United States Virgin Islands,VIR,2010,73.2794
United States Virgin Islands,VIR,2011,73.7284
United States Virgin Islands,VIR,2012,73.6986
United States Virgin Islands,VIR,2013,73.8347
United States Virgin Islands,VIR,2014,73.9456
United States Virgin Islands,VIR,2015,74.7323
United States Virgin Islands,VIR,2016,74.9595
United States Virgin Islands,VIR,2017,74.8271
United States Virgin Islands,VIR,2018,75.0288
United States Virgin Islands,VIR,2019,75.0569
Uruguay,URY,2010,76.858
Uruguay,URY,2011,76.9833
Uruguay,URY,2012,77.111
Uruguay,URY,2013,77.24
Uruguay,URY,2014,77.3663
Uruguay,URY,2015,77.4827
Uruguay,URY,2016,77.5707
Uruguay,URY,2017,77.6247
Uruguay,URY,2018,77.611
Uruguay,URY,2019,77.5085
Uzbekistan,UZB,2010,69.2354
Uzbekistan,UZB,2011,69.6487
Uzbekistan,UZB,2012,69.8742
Uzbekistan,UZB,2013,69.9895
Uzbekistan,UZB,2014,70.2343
Uzbekistan,UZB,2015,70.4753
Uzbekistan,UZB,2016,70.7548
Uzbekistan,UZB,2017,71.0095
Uzbekistan,UZB,2018,71.1494
Uzbekistan,UZB,2019,71.3441
Vanuatu,VUT,2010,69.6171
Vanuatu,VUT,2011,69.5508
Vanuatu,VUT,2012,69.4972
Vanuatu,VUT,2013,69.5342
Vanuatu,VUT,2014,69.4645
Vanuatu,VUT,2015,69.5129
Vanuatu,VUT,2016,69.6496
Vanuatu,VUT,2017,69.7095
Vanuatu,VUT,2018,69.7948
Vanuatu,VUT,2019,69.8769
Venezuela,VEN,2010,72.8901
Venezuela,VEN,2011,72.913
Venezuela,VEN,2012,73.0364
Venezuela,VEN,2013,73.1962
Venezuela,VEN,2014,72.8533
Venezuela,VEN,2015,73.0064
Venezuela,VEN,2016,72.0578
Venezuela,VEN,2017,71.943
Venezuela,VEN,2018,71.9788
Venezuela,VEN,2019,72.1614
Vietnam,VNM,2010,73.5126
Vietnam,VNM,2011,73.6921
Vietnam,VNM,2012,73.7044
Vietnam,VNM,2013,73.7755
Vietnam,VNM,2014,73.8545
Vietnam,VNM,2015,73.8763
Vietnam,VNM,2016,73.9382
Vietnam,VNM,2017,73.9632
Vietnam,VNM,2018,73.9757
Vietnam,VNM,2019,74.0929
Wallis and Futuna,WLF,2010,75.5314
Wallis and Futuna,WLF,2011,77.5654
Wallis and Futuna,WLF,2012,77.5398
Wallis and Futuna,WLF,2013,76.833
Wallis and Futuna,WLF,2014,77.6413
Wallis and Futuna,WLF,2015,77.9802
Wallis and Futuna,WLF,2016,78.3347
Wallis and Futuna,WLF,2017,77.5307
Wallis and Futuna,WLF,2018,77.8613
Wallis and Futuna,WLF,2019,79.6167
Western Sahara,ESH,2010,67.4926
Western Sahara,ESH,2011,67.8989
Western Sahara,ESH,2012,68.2703
Western Sahara,ESH,2013,68.6511
Western Sahara,ESH,2014,68.9796
Western Sahara,ESH,2015,69.2957
Western Sahara,ESH,2016,69.5923
Western Sahara,ESH,2017,69.8544
Western Sahara,ESH,2018,70.0924
Western Sahara,ESH,2019,70.3129
World,OWID_WRL,2010,70.1088
World,OWID_WRL,2011,70.5303
World,OWID_WRL,2012,70.8725
World,OWID_WRL,2013,71.2072
World,OWID_WRL,2014,71.5649
World,OWID_WRL,2015,71.8004
World,OWID_WRL,2016,72.1102
World,OWID_WRL,2017,72.3267
World,OWID_WRL,2018,72.5759
World,OWID_WRL,2019,72.7897
Yemen,YEM,2010,67.28
Yemen,YEM,2011,67.4194
Yemen,YEM,2012,67.3429
Yemen,YEM,2013,67.5451
Yemen,YEM,2014,67.3842
Yemen,YEM,2015,65.8734
Yemen,YEM,2016,66.0641
Yemen,YEM,2017,65.9573
Yemen,YEM,2018,64.5751
Yemen,YEM,2019,65.0917
Zambia,ZMB,2010,56.7991
Zambia,ZMB,2011,57.7708
Zambia,ZMB,2012,58.8672
Zambia,ZMB,2013,59.8777
Zambia,ZMB,2014,60.699
Zambia,ZMB,2015,61.2078
Zambia,ZMB,2016,61.7937
Zambia,ZMB,2017,62.1201
Zambia,ZMB,2018,62.3422
Zambia,ZMB,2019,62.7926
Zimbabwe,ZWE,2010,50.6523
Zimbabwe,ZWE,2011,53.347
Zimbabwe,ZWE,2012,55.6263
Zimbabwe,ZWE,2013,57.4577
Zimbabwe,ZWE,2014,58.846
Zimbabwe,ZWE,2015,59.5911
Zimbabwe,ZWE,2016,60.3059
Zimbabwe,ZWE,2017,60.7095
Zimbabwe,ZWE,2018,61.4141
Zimbabwe,ZWE,2019,61.2925
